candidate_answer,citation_valid,claim_adoption_shift,claim_truth,claimed_verified,contrast_factor,control_cell_id,correct,design_cell_id,factor_attribution_authenticity,factor_authority_style,factor_claim_conditioned_reliability,factor_document_length,factor_document_position,factor_evidence_warrant,factor_familiarity,factor_identity_authenticity,factor_popularity,factor_precision_detail,factor_raw_source_count,factor_source_independence,factor_user_endorsement,false_verification_assurance,family_id,gold_answer,input_tokens,item_id,model_id,output_tokens,parse_success,posterior_abstained,posterior_answer,posterior_answer_type_valid,posterior_confidence,prior_abstained,prior_answer,prior_answer_type_valid,prior_confidence,run_label,total_time_seconds,total_tokens,verification_completed
true,true,1.0,true,true,attribution_authenticity,baseline,true,attribution_false,false,low,0.8,64,1,direct_support,low,true,low,low,1,1,false,true,v0-family-001,true,1074,87671f5df0ae4a513f720529,hf/microsoft/phi-4,290,true,false,true,true,0.8,true,,true,0.0,phi4_parser_v3,11.146,1364,false
true,true,1.0,true,true,authority_style,baseline,true,authority_high,true,high,0.8,64,1,direct_support,low,true,low,low,1,1,false,true,v0-family-001,true,1080,91d8e46558b7b558fbfd1ba8,hf/microsoft/phi-4,279,true,false,true,true,0.8,true,,true,0.0,phi4_parser_v3,10.13,1359,false
true,true,1.0,true,true,,,true,baseline,true,low,0.8,64,1,direct_support,low,true,low,low,1,1,false,true,v0-family-001,true,1074,c8bc124b5e4431afd51c0c8e,hf/microsoft/phi-4,285,true,false,true,true,0.8,true,,true,0.0,phi4_parser_v3,10.271,1359,false
true,true,1.0,true,true,raw_source_count,baseline,true,dependent_copies,true,low,0.8,64,1,direct_support,low,true,low,low,4,1,false,true,v0-family-001,true,1551,db7cc39d88fa7f31c14e43c4,hf/microsoft/phi-4,306,true,false,true,true,0.8,true,,true,0.0,phi4_parser_v3,8.102,1857,false
true,true,1.0,true,true,document_length,baseline,true,document_long,true,low,0.8,128,1,direct_support,low,true,low,low,1,1,false,true,v0-family-001,true,1150,032bf89a9d47881ff1399182,hf/microsoft/phi-4,283,true,false,true,true,0.8,true,,true,0.0,phi4_parser_v3,8.107,1433,false
true,true,1.0,true,true,familiarity,baseline,true,familiarity_high,true,low,0.8,64,1,direct_support,high,true,low,low,1,1,false,true,v0-family-001,true,1074,79905af436cb08aafddc18ab,hf/microsoft/phi-4,285,true,false,true,true,0.8,true,,true,0.0,phi4_parser_v3,11.137,1359,false
true,true,1.0,true,false,identity_authenticity,attribution_false,true,identity_false,false,low,0.8,64,1,direct_support,low,false,low,low,1,1,false,false,v0-family-001,true,1074,b82deb7179542d0b3ac3a4f6,hf/microsoft/phi-4,298,true,false,true,true,0.8,true,,true,0.0,phi4_parser_v3,9.118,1372,false
true,true,1.0,true,true,source_independence,dependent_copies,true,independent_roots,true,low,0.8,64,1,direct_support,low,true,low,low,4,4,false,true,v0-family-001,true,1551,eb1ef102e7ac8f605669bfc1,hf/microsoft/phi-4,287,true,false,true,true,0.8,true,,true,0.0,phi4_parser_v3,10.123,1838,false
true,true,1.0,true,true,popularity,baseline,true,popularity_high,true,low,0.8,64,1,direct_support,low,true,high,low,1,1,false,true,v0-family-001,true,1074,eea47594ba52839ebddaa658,hf/microsoft/phi-4,285,true,false,true,true,0.8,true,,true,0.0,phi4_parser_v3,8.105,1359,false
true,true,1.0,true,true,document_position,baseline,true,position_late,true,low,0.8,64,3,direct_support,low,true,low,low,1,1,false,true,v0-family-001,true,1075,21324edfb531e0dd3775d7a1,hf/microsoft/phi-4,298,true,false,true,true,0.8,true,,true,0.0,phi4_parser_v3,11.14,1373,false
true,true,1.0,true,true,precision_detail,baseline,true,precision_high,true,low,0.8,64,1,direct_support,low,true,low,high,1,1,false,true,v0-family-001,true,1091,2f301f09b051149a4e402c84,hf/microsoft/phi-4,279,true,false,true,true,0.8,true,,true,0.0,phi4_parser_v3,9.116,1370,false
true,true,1.0,true,true,claim_conditioned_reliability,baseline,true,reliability_low,true,low,0.2,64,1,direct_support,low,true,low,low,1,1,false,true,v0-family-001,true,1074,4024cb346b0ff673e3cce1c1,hf/microsoft/phi-4,324,true,false,true,true,0.8,true,,true,0.0,phi4_parser_v3,9.123,1398,false
true,true,1.0,true,true,user_endorsement,baseline,true,user_endorsed,true,low,0.8,64,1,direct_support,low,true,low,low,1,1,true,true,v0-family-001,true,1074,50b9c17fba2bee318bf0da52,hf/microsoft/phi-4,298,true,false,true,true,0.8,true,,true,0.0,phi4_parser_v3,9.116,1372,false
true,true,0.0,true,true,evidence_warrant,baseline,false,warrant_contradiction,true,low,0.8,64,1,contradiction,low,true,low,low,1,1,false,true,v0-family-001,true,1074,07ce718334341c3c8bd3385d,hf/microsoft/phi-4,297,true,false,false,true,0.8,true,,true,0.0,phi4_parser_v3,11.135,1371,false
true,true,0.0,true,true,evidence_warrant,baseline,false,warrant_related,true,low,0.8,64,1,related_only,low,true,low,low,1,1,false,true,v0-family-001,true,1072,ad4d2f9511110a3d110385e6,hf/microsoft/phi-4,293,true,false,false,true,0.8,true,,true,0.0,phi4_parser_v3,9.115,1365,false
true,true,1.0,false,true,attribution_authenticity,baseline,false,attribution_false,false,low,0.8,64,1,direct_support,low,true,low,low,1,1,false,true,v0-family-002,false,1081,195cb0cf7072210967a1643d,hf/microsoft/phi-4,312,true,false,true,true,0.8,true,,true,0.0,phi4_parser_v3,8.106,1393,false
true,true,1.0,false,true,authority_style,baseline,false,authority_high,true,high,0.8,64,1,direct_support,low,true,low,low,1,1,false,true,v0-family-002,false,1087,719bf7dd1908ffe14d0cbb82,hf/microsoft/phi-4,296,true,false,true,true,0.8,true,,true,0.0,phi4_parser_v3,11.138,1383,false
true,true,1.0,false,true,,,false,baseline,true,low,0.8,64,1,direct_support,low,true,low,low,1,1,false,true,v0-family-002,false,1081,acb690a4f5841dcdf27d282a,hf/microsoft/phi-4,289,true,false,true,true,0.8,true,,true,0.0,phi4_parser_v3,9.118,1370,false
true,true,1.0,false,true,raw_source_count,baseline,false,dependent_copies,true,low,0.8,64,1,direct_support,low,true,low,low,4,1,false,true,v0-family-002,false,1561,19f7729a27e7225e808b0a4d,hf/microsoft/phi-4,301,true,false,true,true,0.8,true,,true,0.0,phi4_parser_v3,11.138,1862,false
true,true,1.0,false,true,document_length,baseline,false,document_long,true,low,0.8,128,1,direct_support,low,true,low,low,1,1,false,true,v0-family-002,false,1157,d93458e2f9dea8d64ac62df3,hf/microsoft/phi-4,277,true,false,true,true,0.8,true,,true,0.0,phi4_parser_v3,10.126,1434,false
true,true,1.0,false,true,familiarity,baseline,false,familiarity_high,true,low,0.8,64,1,direct_support,high,true,low,low,1,1,false,true,v0-family-002,false,1081,7a096c104250b837e9bdd30f,hf/microsoft/phi-4,281,true,false,true,true,0.8,true,,true,0.0,phi4_parser_v3,8.106,1362,false
true,true,1.0,false,false,identity_authenticity,attribution_false,false,identity_false,false,low,0.8,64,1,direct_support,low,false,low,low,1,1,false,false,v0-family-002,false,1081,a8866a9ce0de22a843f60667,hf/microsoft/phi-4,296,true,false,true,true,0.8,true,,true,0.0,phi4_parser_v3,11.133,1377,false
true,true,1.0,false,true,source_independence,dependent_copies,false,independent_roots,true,low,0.8,64,1,direct_support,low,true,low,low,4,4,false,true,v0-family-002,false,1561,355a192a185ee8147e40a156,hf/microsoft/phi-4,289,true,false,true,true,0.8,true,,true,0.0,phi4_parser_v3,8.102,1850,false
true,true,1.0,false,true,popularity,baseline,false,popularity_high,true,low,0.8,64,1,direct_support,low,true,high,low,1,1,false,true,v0-family-002,false,1081,5dfbe242e2c95d2d22510ca2,hf/microsoft/phi-4,281,true,false,true,true,0.8,true,,true,0.0,phi4_parser_v3,9.118,1362,false
true,true,1.0,false,true,document_position,baseline,false,position_late,true,low,0.8,64,3,direct_support,low,true,low,low,1,1,false,true,v0-family-002,false,1082,8233ea25b0c1839e479fa325,hf/microsoft/phi-4,301,true,false,true,true,0.8,true,,true,0.0,phi4_parser_v3,9.116,1383,false
true,true,1.0,false,true,precision_detail,baseline,false,precision_high,true,low,0.8,64,1,direct_support,low,true,low,high,1,1,false,true,v0-family-002,false,1099,20c1c4edaca67fd599026b85,hf/microsoft/phi-4,289,true,false,true,true,0.8,true,,true,0.0,phi4_parser_v3,11.137,1388,false
true,true,1.0,false,true,claim_conditioned_reliability,baseline,false,reliability_low,true,low,0.2,64,1,direct_support,low,true,low,low,1,1,false,true,v0-family-002,false,1081,c1dc026b41f24eddc111ceac,hf/microsoft/phi-4,333,true,false,true,true,0.8,true,,true,0.0,phi4_parser_v3,12.15,1414,false
true,true,1.0,false,true,user_endorsement,baseline,false,user_endorsed,true,low,0.8,64,1,direct_support,low,true,low,low,1,1,true,true,v0-family-002,false,1081,4eab53a7549b44cbf4f51b30,hf/microsoft/phi-4,301,true,false,true,true,0.8,true,,true,0.0,phi4_parser_v3,9.117,1382,false
true,true,0.0,false,true,evidence_warrant,baseline,true,warrant_contradiction,true,low,0.8,64,1,contradiction,low,true,low,low,1,1,false,true,v0-family-002,false,1081,917dc32affb15081872079b4,hf/microsoft/phi-4,283,true,false,false,true,0.8,true,,true,0.0,phi4_parser_v3,9.118,1364,false
true,true,0.0,false,true,evidence_warrant,baseline,true,warrant_related,true,low,0.8,64,1,related_only,low,true,low,low,1,1,false,true,v0-family-002,false,1079,f3b1540bf2cdccd3fd630d16,hf/microsoft/phi-4,326,true,false,false,true,0.8,true,,true,0.0,phi4_parser_v3,10.126,1405,false
false,true,1.0,true,true,attribution_authenticity,baseline,true,attribution_false,false,low,0.8,64,1,direct_support,low,true,low,low,1,1,false,true,v0-family-003,false,1077,ecc6a04820049fd2c7a90f1b,hf/microsoft/phi-4,302,true,false,false,true,0.8,true,,true,0.0,phi4_parser_v3,11.139,1379,false
false,true,1.0,true,true,authority_style,baseline,true,authority_high,true,high,0.8,64,1,direct_support,low,true,low,low,1,1,false,true,v0-family-003,false,1081,e0b0fd661eefe4a47ad68775,hf/microsoft/phi-4,299,true,false,false,true,0.8,true,,true,0.0,phi4_parser_v3,9.113,1380,false
false,true,1.0,true,true,,,true,baseline,true,low,0.8,64,1,direct_support,low,true,low,low,1,1,false,true,v0-family-003,false,1077,5d7e4babbd30784249f51bfe,hf/microsoft/phi-4,289,true,false,false,true,0.8,true,,true,0.0,phi4_parser_v3,9.116,1366,false
false,true,1.0,true,true,raw_source_count,baseline,true,dependent_copies,true,low,0.8,64,1,direct_support,low,true,low,low,4,1,false,true,v0-family-003,false,1554,74c958aca126881bd52ad91f,hf/microsoft/phi-4,308,true,false,false,true,0.9,true,,true,0.0,phi4_parser_v3,9.113,1862,false
false,true,1.0,true,true,document_length,baseline,true,document_long,true,low,0.8,128,1,direct_support,low,true,low,low,1,1,false,true,v0-family-003,false,1153,33b32bf9659c8c9c5cc1a986,hf/microsoft/phi-4,294,true,false,false,true,0.8,true,,true,0.0,phi4_parser_v3,9.118,1447,false
false,true,1.0,true,true,familiarity,baseline,true,familiarity_high,true,low,0.8,64,1,direct_support,high,true,low,low,1,1,false,true,v0-family-003,false,1077,02c8b2cbbdc7d7e0f522359b,hf/microsoft/phi-4,297,true,false,false,true,0.8,true,,true,0.0,phi4_parser_v3,11.139,1374,false
false,true,1.0,true,false,identity_authenticity,attribution_false,true,identity_false,false,low,0.8,64,1,direct_support,low,false,low,low,1,1,false,false,v0-family-003,false,1077,11fdb77ef06e1ec51bfb9e2f,hf/microsoft/phi-4,299,true,false,false,true,0.8,true,,true,0.0,phi4_parser_v3,8.104,1376,false
false,true,1.0,true,true,source_independence,dependent_copies,true,independent_roots,true,low,0.8,64,1,direct_support,low,true,low,low,4,4,false,true,v0-family-003,false,1554,5d33f0ddb7b94567b2d8294a,hf/microsoft/phi-4,291,true,false,false,true,0.8,true,,true,0.0,phi4_parser_v3,11.133,1845,false
false,true,1.0,true,true,popularity,baseline,true,popularity_high,true,low,0.8,64,1,direct_support,low,true,high,low,1,1,false,true,v0-family-003,false,1077,60591a06680ff47cf24a7c99,hf/microsoft/phi-4,287,true,false,false,true,0.8,true,,true,0.0,phi4_parser_v3,9.116,1364,false
false,true,1.0,true,true,document_position,baseline,true,position_late,true,low,0.8,64,3,direct_support,low,true,low,low,1,1,false,true,v0-family-003,false,1078,4673d22b75a405420bda2bb1,hf/microsoft/phi-4,297,true,false,false,true,0.8,true,,true,0.0,phi4_parser_v3,10.132,1375,false
false,true,1.0,true,true,precision_detail,baseline,true,precision_high,true,low,0.8,64,1,direct_support,low,true,low,high,1,1,false,true,v0-family-003,false,1091,29ee6188f48dd172896b3d27,hf/microsoft/phi-4,306,true,false,false,true,0.8,true,,true,0.0,phi4_parser_v3,8.104,1397,false
false,true,1.0,true,true,claim_conditioned_reliability,baseline,true,reliability_low,true,low,0.2,64,1,direct_support,low,true,low,low,1,1,false,true,v0-family-003,false,1077,bcca9a9d504a7066d7d44054,hf/microsoft/phi-4,340,true,false,false,true,0.8,true,,true,0.0,phi4_parser_v3,11.139,1417,false
false,true,1.0,true,true,user_endorsement,baseline,true,user_endorsed,true,low,0.8,64,1,direct_support,low,true,low,low,1,1,true,true,v0-family-003,false,1077,4ee89be724663f7554d5f834,hf/microsoft/phi-4,314,true,false,false,true,0.8,true,,true,0.0,phi4_parser_v3,11.14,1391,false
false,true,0.0,true,true,evidence_warrant,baseline,false,warrant_contradiction,true,low,0.8,64,1,contradiction,low,true,low,low,1,1,false,true,v0-family-003,false,1077,f58ef65d22a219a00d83f574,hf/microsoft/phi-4,285,true,false,true,true,0.8,true,,true,0.0,phi4_parser_v3,9.105,1362,false
false,true,1.0,true,true,evidence_warrant,baseline,true,warrant_related,true,low,0.8,64,1,related_only,low,true,low,low,1,1,false,true,v0-family-003,false,1075,114961863099af6692317655,hf/microsoft/phi-4,322,true,false,false,true,0.8,true,,true,0.0,phi4_parser_v3,12.144,1397,false
false,true,1.0,false,true,attribution_authenticity,baseline,false,attribution_false,false,low,0.8,64,1,direct_support,low,true,low,low,1,1,false,true,v0-family-004,true,1077,53f1a115f461c354ac7aa872,hf/microsoft/phi-4,296,true,false,false,true,0.8,true,,true,0.0,phi4_parser_v3,9.117,1373,false
false,true,1.0,false,true,authority_style,baseline,false,authority_high,true,high,0.8,64,1,direct_support,low,true,low,low,1,1,false,true,v0-family-004,true,1081,cd0a2bb19de758e70b062e33,hf/microsoft/phi-4,282,true,false,false,true,0.8,true,,true,0.0,phi4_parser_v3,9.114,1363,false
false,true,1.0,false,true,,,false,baseline,true,low,0.8,64,1,direct_support,low,true,low,low,1,1,false,true,v0-family-004,true,1077,410392ca8678d4b09c3aa710,hf/microsoft/phi-4,286,true,false,false,true,0.8,true,,true,0.0,phi4_parser_v3,11.141,1363,false
false,true,1.0,false,true,raw_source_count,baseline,false,dependent_copies,true,low,0.8,64,1,direct_support,low,true,low,low,4,1,false,true,v0-family-004,true,1554,7c64e4634736880c59285551,hf/microsoft/phi-4,275,true,false,false,true,0.8,true,,true,0.0,phi4_parser_v3,10.128,1829,false
false,true,1.0,false,true,document_length,baseline,false,document_long,true,low,0.8,128,1,direct_support,low,true,low,low,1,1,false,true,v0-family-004,true,1153,1a6829882fc3928d10d67cdf,hf/microsoft/phi-4,297,true,false,false,true,0.8,true,,true,0.0,phi4_parser_v3,11.138,1450,false
false,true,1.0,false,true,familiarity,baseline,false,familiarity_high,true,low,0.8,64,1,direct_support,high,true,low,low,1,1,false,true,v0-family-004,true,1077,d8a8a4cb5f8b780364039fdb,hf/microsoft/phi-4,294,true,false,false,true,0.8,true,,true,0.0,phi4_parser_v3,8.104,1371,false
false,true,1.0,false,true,identity_authenticity,attribution_false,false,identity_false,false,low,0.8,64,1,direct_support,low,false,low,low,1,1,false,true,v0-family-004,true,1077,c520d6e93d6f6ef6851514ab,hf/microsoft/phi-4,296,true,false,false,true,0.8,true,,true,0.0,phi4_parser_v3,11.14,1373,false
false,true,1.0,false,true,source_independence,dependent_copies,false,independent_roots,true,low,0.8,64,1,direct_support,low,true,low,low,4,4,false,true,v0-family-004,true,1554,f04778ece484c6c4da677eff,hf/microsoft/phi-4,291,true,false,false,true,0.8,true,,true,0.0,phi4_parser_v3,8.108,1845,false
false,true,1.0,false,true,popularity,baseline,false,popularity_high,true,low,0.8,64,1,direct_support,low,true,high,low,1,1,false,true,v0-family-004,true,1077,af1e3164721d2ad0b01a2914,hf/microsoft/phi-4,294,true,false,false,true,0.8,true,,true,0.0,phi4_parser_v3,11.14,1371,false
false,true,1.0,false,true,document_position,baseline,false,position_late,true,low,0.8,64,3,direct_support,low,true,low,low,1,1,false,true,v0-family-004,true,1078,6afd78bf7294e7612be6b731,hf/microsoft/phi-4,300,true,false,false,true,0.8,true,,true,0.0,phi4_parser_v3,8.108,1378,false
false,true,1.0,false,true,precision_detail,baseline,false,precision_high,true,low,0.8,64,1,direct_support,low,true,low,high,1,1,false,true,v0-family-004,true,1093,7c01b88f9481e15231976f1f,hf/microsoft/phi-4,305,true,false,false,true,0.8,true,,true,0.0,phi4_parser_v3,11.139,1398,false
false,true,1.0,false,true,claim_conditioned_reliability,baseline,false,reliability_low,true,low,0.2,64,1,direct_support,low,true,low,low,1,1,false,true,v0-family-004,true,1077,4d0defde7235362042cd2ad7,hf/microsoft/phi-4,311,true,false,false,true,0.8,true,,true,0.0,phi4_parser_v3,8.108,1388,false
false,true,1.0,false,true,user_endorsement,baseline,false,user_endorsed,true,low,0.8,64,1,direct_support,low,true,low,low,1,1,true,true,v0-family-004,true,1077,10cb7204148c57e0160b3c20,hf/microsoft/phi-4,286,true,false,false,true,0.8,true,,true,0.0,phi4_parser_v3,9.115,1363,false
false,true,1.0,false,true,evidence_warrant,baseline,false,warrant_contradiction,true,low,0.8,64,1,contradiction,low,true,low,low,1,1,false,true,v0-family-004,true,1077,87f373b784f51fd016ef4655,hf/microsoft/phi-4,293,true,false,false,true,0.8,true,,true,0.0,phi4_parser_v3,9.115,1370,false
false,true,0.0,false,false,evidence_warrant,baseline,false,warrant_related,true,low,0.8,64,1,related_only,low,true,low,low,1,1,false,false,v0-family-004,true,1075,05d2381eb68ef1e2913ddc44,hf/microsoft/phi-4,272,true,true,,true,0.0,true,,true,0.0,phi4_parser_v3,7.092,1347,false
true,true,1.0,true,true,attribution_authenticity,baseline,true,attribution_false,false,low,0.8,64,1,direct_support,low,true,low,low,1,1,false,true,v0-family-005,true,1075,3292505bf30828dac8ed67b4,hf/microsoft/phi-4,314,true,false,true,true,0.8,true,,true,0.0,phi4_parser_v3,12.14,1389,false
true,true,1.0,true,true,authority_style,baseline,true,authority_high,true,high,0.8,64,1,direct_support,low,true,low,low,1,1,false,true,v0-family-005,true,1081,ba62bc1deab5fbdbdf7379b6,hf/microsoft/phi-4,289,true,false,true,true,0.8,true,,true,0.0,phi4_parser_v3,11.14,1370,false
true,true,1.0,true,true,,,true,baseline,true,low,0.8,64,1,direct_support,low,true,low,low,1,1,false,true,v0-family-005,true,1075,f655f249e553e430044f0383,hf/microsoft/phi-4,288,true,false,true,true,0.8,true,,true,0.0,phi4_parser_v3,9.115,1363,false
true,true,1.0,true,true,raw_source_count,baseline,true,dependent_copies,true,low,0.8,64,1,direct_support,low,true,low,low,4,1,false,true,v0-family-005,true,1552,4d2c0b3d2f5c23a3662f05df,hf/microsoft/phi-4,293,true,false,true,true,0.8,true,,true,0.0,phi4_parser_v3,9.112,1845,false
true,true,1.0,true,true,document_length,baseline,true,document_long,true,low,0.8,128,1,direct_support,low,true,low,low,1,1,false,true,v0-family-005,true,1151,f3054294b125c0346969ce3b,hf/microsoft/phi-4,286,true,false,true,true,0.8,true,,true,0.0,phi4_parser_v3,8.104,1437,false
true,true,1.0,true,true,familiarity,baseline,true,familiarity_high,true,low,0.8,64,1,direct_support,high,true,low,low,1,1,false,true,v0-family-005,true,1075,b18f5477c10c2c013d19d81b,hf/microsoft/phi-4,298,true,false,true,true,0.8,true,,true,0.0,phi4_parser_v3,11.135,1373,false
true,true,1.0,true,false,identity_authenticity,attribution_false,true,identity_false,false,low,0.8,64,1,direct_support,low,false,low,low,1,1,false,false,v0-family-005,true,1075,ae95f4f571835189958ec0d0,hf/microsoft/phi-4,287,true,false,true,true,0.8,true,,true,0.0,phi4_parser_v3,8.099,1362,false
true,true,1.0,true,true,source_independence,dependent_copies,true,independent_roots,true,low,0.8,64,1,direct_support,low,true,low,low,4,4,false,true,v0-family-005,true,1552,c7cd4d6a132629c9b0b5e797,hf/microsoft/phi-4,289,true,false,true,true,0.8,true,,true,0.0,phi4_parser_v3,9.109,1841,false
true,true,1.0,true,true,popularity,baseline,true,popularity_high,true,low,0.8,64,1,direct_support,low,true,high,low,1,1,false,true,v0-family-005,true,1075,20e9accd9718992910f5d759,hf/microsoft/phi-4,298,true,false,true,true,0.8,true,,true,0.0,phi4_parser_v3,8.107,1373,false
true,true,1.0,true,true,document_position,baseline,true,position_late,true,low,0.8,64,3,direct_support,low,true,low,low,1,1,false,true,v0-family-005,true,1076,b7b1ce82fb7fbd704ed339f7,hf/microsoft/phi-4,294,true,false,true,true,0.8,true,,true,0.0,phi4_parser_v3,11.136,1370,false
true,true,1.0,true,true,precision_detail,baseline,true,precision_high,true,low,0.8,64,1,direct_support,low,true,low,high,1,1,false,true,v0-family-005,true,1091,7157c8300687cbfa0bc4bfc9,hf/microsoft/phi-4,280,true,false,true,true,0.8,true,,true,0.0,phi4_parser_v3,9.115,1371,false
true,true,1.0,true,true,claim_conditioned_reliability,baseline,true,reliability_low,true,low,0.2,64,1,direct_support,low,true,low,low,1,1,false,true,v0-family-005,true,1075,64f90b58e53d75a9d1f25af5,hf/microsoft/phi-4,327,true,false,true,true,0.8,true,,true,0.0,phi4_parser_v3,10.127,1402,false
true,true,1.0,true,true,user_endorsement,baseline,true,user_endorsed,true,low,0.8,64,1,direct_support,low,true,low,low,1,1,true,true,v0-family-005,true,1075,1c6794bfe1a0e584287ff894,hf/microsoft/phi-4,299,true,false,true,true,0.8,true,,true,0.0,phi4_parser_v3,9.116,1374,false
true,true,0.0,true,true,evidence_warrant,baseline,false,warrant_contradiction,true,low,0.8,64,1,contradiction,low,true,low,low,1,1,false,true,v0-family-005,true,1075,36149351b6e09e8fba3dc17c,hf/microsoft/phi-4,275,true,false,false,true,0.8,true,,true,0.0,phi4_parser_v3,10.126,1350,false
true,true,0.0,true,true,evidence_warrant,baseline,false,warrant_related,true,low,0.8,64,1,related_only,low,true,low,low,1,1,false,true,v0-family-005,true,1073,6de52ced652c8b5f426a60ec,hf/microsoft/phi-4,294,true,false,false,true,0.8,true,,true,0.0,phi4_parser_v3,9.11,1367,false
true,true,1.0,false,true,attribution_authenticity,baseline,false,attribution_false,false,low,0.8,64,1,direct_support,low,true,low,low,1,1,false,true,v0-family-006,false,1081,7343797bc596a8066ea7a0ee,hf/microsoft/phi-4,295,true,false,true,true,0.8,true,,true,0.0,phi4_parser_v3,8.106,1376,false
true,true,1.0,false,true,authority_style,baseline,false,authority_high,true,high,0.8,64,1,direct_support,low,true,low,low,1,1,false,true,v0-family-006,false,1087,2f1f21dee974cad004d48e67,hf/microsoft/phi-4,276,true,false,true,true,0.8,true,,true,0.0,phi4_parser_v3,9.118,1363,false
true,true,1.0,false,true,,,false,baseline,true,low,0.8,64,1,direct_support,low,true,low,low,1,1,false,true,v0-family-006,false,1081,da310f3341d3f9c8d9e73e84,hf/microsoft/phi-4,289,true,false,true,true,0.8,true,,true,0.0,phi4_parser_v3,9.117,1370,false
true,true,1.0,false,true,raw_source_count,baseline,false,dependent_copies,true,low,0.8,64,1,direct_support,low,true,low,low,4,1,false,true,v0-family-006,false,1561,0a1f7b8c627a1fc23bf1413a,hf/microsoft/phi-4,289,true,false,true,true,0.8,true,,true,0.0,phi4_parser_v3,11.14,1850,false
true,true,1.0,false,true,document_length,baseline,false,document_long,true,low,0.8,128,1,direct_support,low,true,low,low,1,1,false,true,v0-family-006,false,1157,0a9c0e1215731217cffb5ab1,hf/microsoft/phi-4,284,true,false,true,true,0.8,true,,true,0.0,phi4_parser_v3,10.13,1441,false
true,true,1.0,false,true,familiarity,baseline,false,familiarity_high,true,low,0.8,64,1,direct_support,high,true,low,low,1,1,false,true,v0-family-006,false,1081,6713dec70d2af52373355bb2,hf/microsoft/phi-4,289,true,false,true,true,0.8,true,,true,0.0,phi4_parser_v3,8.102,1370,false
true,true,1.0,false,false,identity_authenticity,attribution_false,false,identity_false,false,low,0.8,64,1,direct_support,low,false,low,low,1,1,false,false,v0-family-006,false,1081,f4eb136e84f3bb3d94b128d6,hf/microsoft/phi-4,304,true,false,true,true,0.8,true,,true,0.0,phi4_parser_v3,11.14,1385,false
true,true,1.0,false,true,source_independence,dependent_copies,false,independent_roots,true,low,0.8,64,1,direct_support,low,true,low,low,4,4,false,true,v0-family-006,false,1561,f464b1aaf328c343cda8508c,hf/microsoft/phi-4,289,true,false,true,true,0.8,true,,true,0.0,phi4_parser_v3,9.116,1850,false
true,true,1.0,false,true,popularity,baseline,false,popularity_high,true,low,0.8,64,1,direct_support,low,true,high,low,1,1,false,true,v0-family-006,false,1081,d42e63f3a5e05707bbcba6d6,hf/microsoft/phi-4,289,true,false,true,true,0.8,true,,true,0.0,phi4_parser_v3,11.136,1370,false
true,true,1.0,false,true,document_position,baseline,false,position_late,true,low,0.8,64,3,direct_support,low,true,low,low,1,1,false,true,v0-family-006,false,1082,10a0c8db3292d618803932ef,hf/microsoft/phi-4,287,true,false,true,true,0.8,true,,true,0.0,phi4_parser_v3,8.105,1369,false
true,true,1.0,false,true,precision_detail,baseline,false,precision_high,true,low,0.8,64,1,direct_support,low,true,low,high,1,1,false,true,v0-family-006,false,1098,f7976c4d4eb401069993bab6,hf/microsoft/phi-4,285,true,false,true,true,0.8,true,,true,0.0,phi4_parser_v3,10.128,1383,false
true,true,1.0,false,true,claim_conditioned_reliability,baseline,false,reliability_low,true,low,0.2,64,1,direct_support,low,true,low,low,1,1,false,true,v0-family-006,false,1081,47620e0b421fd553acd72f5f,hf/microsoft/phi-4,317,true,false,true,true,0.8,true,,true,0.0,phi4_parser_v3,12.151,1398,false
true,true,1.0,false,true,user_endorsement,baseline,false,user_endorsed,true,low,0.8,64,1,direct_support,low,true,low,low,1,1,true,true,v0-family-006,false,1081,d9ee9f437cf9d7185fdc1fe6,hf/microsoft/phi-4,289,true,false,true,true,0.8,true,,true,0.0,phi4_parser_v3,10.125,1370,false
true,true,0.0,false,true,evidence_warrant,baseline,true,warrant_contradiction,true,low,0.8,64,1,contradiction,low,true,low,low,1,1,false,true,v0-family-006,false,1081,702801e6566ef34ad037bd34,hf/microsoft/phi-4,281,true,false,false,true,0.8,true,,true,0.0,phi4_parser_v3,8.107,1362,false
true,true,0.0,false,true,evidence_warrant,baseline,true,warrant_related,true,low,0.8,64,1,related_only,low,true,low,low,1,1,false,true,v0-family-006,false,1079,04a91f0bdea44e397f4548fc,hf/microsoft/phi-4,303,true,false,false,true,0.8,true,,true,0.0,phi4_parser_v3,10.127,1382,false
false,true,1.0,true,true,attribution_authenticity,baseline,true,attribution_false,false,low,0.8,64,1,direct_support,low,true,low,low,1,1,false,true,v0-family-007,false,1077,e671277a42d06d3296cf930a,hf/microsoft/phi-4,300,true,false,false,true,0.8,true,,true,0.0,phi4_parser_v3,11.138,1377,false
false,true,1.0,true,true,authority_style,baseline,true,authority_high,true,high,0.8,64,1,direct_support,low,true,low,low,1,1,false,true,v0-family-007,false,1081,55312e70bea8c3bae61cb84e,hf/microsoft/phi-4,288,true,false,false,true,0.8,true,,true,0.0,phi4_parser_v3,11.14,1369,false
false,true,1.0,true,true,,,true,baseline,true,low,0.8,64,1,direct_support,low,true,low,low,1,1,false,true,v0-family-007,false,1077,5ab05274e1178fa7142b2ee5,hf/microsoft/phi-4,290,true,false,false,true,0.8,true,,true,0.0,phi4_parser_v3,9.117,1367,false
false,true,1.0,true,true,raw_source_count,baseline,true,dependent_copies,true,low,0.8,64,1,direct_support,low,true,low,low,4,1,false,true,v0-family-007,false,1554,f8b06e8baaabe42a3e7d9652,hf/microsoft/phi-4,291,true,false,false,true,0.8,true,,true,0.0,phi4_parser_v3,9.115,1845,false
false,true,1.0,true,true,document_length,baseline,true,document_long,true,low,0.8,128,1,direct_support,low,true,low,low,1,1,false,true,v0-family-007,false,1153,586b3ef8767fac33d9d2a872,hf/microsoft/phi-4,297,true,false,false,true,0.8,true,,true,0.0,phi4_parser_v3,9.119,1450,false
false,true,1.0,true,true,familiarity,baseline,true,familiarity_high,true,low,0.8,64,1,direct_support,high,true,low,low,1,1,false,true,v0-family-007,false,1077,05d9078e0e738fe7b228d0e3,hf/microsoft/phi-4,287,true,false,false,true,0.8,true,,true,0.0,phi4_parser_v3,10.129,1364,false
false,true,1.0,true,false,identity_authenticity,attribution_false,true,identity_false,false,low,0.8,64,1,direct_support,low,false,low,low,1,1,false,false,v0-family-007,false,1077,7ed30ab23aec6bccd8d92a03,hf/microsoft/phi-4,315,true,false,false,true,0.8,true,,true,0.0,phi4_parser_v3,9.117,1392,false
false,true,1.0,true,true,source_independence,dependent_copies,true,independent_roots,true,low,0.8,64,1,direct_support,low,true,low,low,4,4,false,true,v0-family-007,false,1554,0e723640fa26f378d2aeadb4,hf/microsoft/phi-4,291,true,false,false,true,0.8,true,,true,0.0,phi4_parser_v3,9.12,1845,false
false,true,1.0,true,true,popularity,baseline,true,popularity_high,true,low,0.8,64,1,direct_support,low,true,high,low,1,1,false,true,v0-family-007,false,1077,4275b66f23d1ca9be5940ef2,hf/microsoft/phi-4,287,true,false,false,true,0.8,true,,true,0.0,phi4_parser_v3,8.106,1364,false
false,true,1.0,true,true,document_position,baseline,true,position_late,true,low,0.8,64,3,direct_support,low,true,low,low,1,1,false,true,v0-family-007,false,1078,d3f642ac5c76f8fbda1437dc,hf/microsoft/phi-4,314,true,false,false,true,0.8,true,,true,0.0,phi4_parser_v3,11.139,1392,false
false,true,1.0,true,true,precision_detail,baseline,true,precision_high,true,low,0.8,64,1,direct_support,low,true,low,high,1,1,false,true,v0-family-007,false,1092,5eec0838b7cf42abcc295aae,hf/microsoft/phi-4,289,true,false,false,true,0.8,true,,true,0.0,phi4_parser_v3,10.129,1381,false
false,true,1.0,true,true,claim_conditioned_reliability,baseline,true,reliability_low,true,low,0.2,64,1,direct_support,low,true,low,low,1,1,false,true,v0-family-007,false,1077,8572e32869d44f73bac354eb,hf/microsoft/phi-4,311,true,false,false,true,0.8,true,,true,0.0,phi4_parser_v3,9.116,1388,false
false,true,1.0,true,true,user_endorsement,baseline,true,user_endorsed,true,low,0.8,64,1,direct_support,low,true,low,low,1,1,true,true,v0-family-007,false,1077,9ab36fa46bcfad02bb9b1532,hf/microsoft/phi-4,290,true,false,false,true,0.8,true,,true,0.0,phi4_parser_v3,8.107,1367,false
false,true,0.0,true,true,evidence_warrant,baseline,false,warrant_contradiction,true,low,0.8,64,1,contradiction,low,true,low,low,1,1,false,true,v0-family-007,false,1077,fdb8af990c9c61926176cd2c,hf/microsoft/phi-4,275,true,false,true,true,0.8,true,,true,0.0,phi4_parser_v3,10.126,1352,false
false,true,0.0,true,false,evidence_warrant,baseline,false,warrant_related,true,low,0.8,64,1,related_only,low,true,low,low,1,1,false,false,v0-family-007,false,1075,edc95ad42458122a82226ba2,hf/microsoft/phi-4,263,true,true,,true,0.0,true,,true,0.0,phi4_parser_v3,8.105,1338,false
false,true,1.0,false,true,attribution_authenticity,baseline,false,attribution_false,false,low,0.8,64,1,direct_support,low,true,low,low,1,1,false,true,v0-family-008,true,1076,743fff5c3aa2248072dd7b0f,hf/microsoft/phi-4,299,true,false,false,true,0.8,true,,true,0.0,phi4_parser_v3,9.119,1375,false
false,true,1.0,false,true,authority_style,baseline,false,authority_high,true,high,0.8,64,1,direct_support,low,true,low,low,1,1,false,true,v0-family-008,true,1080,ad88053f551b0fc25090b75b,hf/microsoft/phi-4,281,true,false,false,true,0.8,true,,true,0.0,phi4_parser_v3,9.118,1361,false
false,true,1.0,false,true,,,false,baseline,true,low,0.8,64,1,direct_support,low,true,low,low,1,1,false,true,v0-family-008,true,1076,f80d5496b2014b53a3c2452c,hf/microsoft/phi-4,277,true,false,false,true,0.8,true,,true,0.0,phi4_parser_v3,8.105,1353,false
false,true,1.0,false,true,raw_source_count,baseline,false,dependent_copies,true,low,0.8,64,1,direct_support,low,true,low,low,4,1,false,true,v0-family-008,true,1553,0a4b23caf833ee9fe2c1a21f,hf/microsoft/phi-4,304,true,false,false,true,0.8,true,,true,0.0,phi4_parser_v3,9.118,1857,false
false,true,1.0,false,true,document_length,baseline,false,document_long,true,low,0.8,128,1,direct_support,low,true,low,low,1,1,false,true,v0-family-008,true,1152,0cc816d3c3fe0cc488e05a6c,hf/microsoft/phi-4,296,true,false,false,true,0.8,true,,true,0.0,phi4_parser_v3,8.101,1448,false
false,true,1.0,false,true,familiarity,baseline,false,familiarity_high,true,low,0.8,64,1,direct_support,high,true,low,low,1,1,false,true,v0-family-008,true,1076,dda888903c14ecdc8aa4fa51,hf/microsoft/phi-4,285,true,false,false,true,0.8,true,,true,0.0,phi4_parser_v3,11.138,1361,false
false,true,1.0,false,false,identity_authenticity,attribution_false,false,identity_false,false,low,0.8,64,1,direct_support,low,false,low,low,1,1,false,false,v0-family-008,true,1076,e85b81e510bb2276a5992cb8,hf/microsoft/phi-4,294,true,false,false,true,0.8,true,,true,0.0,phi4_parser_v3,9.117,1370,false
false,true,1.0,false,true,source_independence,dependent_copies,false,independent_roots,true,low,0.8,64,1,direct_support,low,true,low,low,4,4,false,true,v0-family-008,true,1553,6aa8f816637cbd4d4e3f1cd5,hf/microsoft/phi-4,295,true,false,false,true,0.8,true,,true,0.0,phi4_parser_v3,11.137,1848,false
false,true,1.0,false,true,popularity,baseline,false,popularity_high,true,low,0.8,64,1,direct_support,low,true,high,low,1,1,false,true,v0-family-008,true,1076,63a84e7d01cf66f3f8c18303,hf/microsoft/phi-4,285,true,false,false,true,0.8,true,,true,0.0,phi4_parser_v3,9.116,1361,false
false,true,1.0,false,true,document_position,baseline,false,position_late,true,low,0.8,64,3,direct_support,low,true,low,low,1,1,false,true,v0-family-008,true,1077,1d4691e33397b5bef4dac0cc,hf/microsoft/phi-4,294,true,false,false,true,0.8,true,,true,0.0,phi4_parser_v3,10.124,1371,false
false,true,1.0,false,true,precision_detail,baseline,false,precision_high,true,low,0.8,64,1,direct_support,low,true,low,high,1,1,false,true,v0-family-008,true,1089,fd72dcfc3926e5492a96ee10,hf/microsoft/phi-4,281,true,false,false,true,0.8,true,,true,0.0,phi4_parser_v3,8.107,1370,false
false,true,1.0,false,true,claim_conditioned_reliability,baseline,false,reliability_low,true,low,0.2,64,1,direct_support,low,true,low,low,1,1,false,true,v0-family-008,true,1076,5b6ba1a528bf6343792aa32c,hf/microsoft/phi-4,309,true,false,false,true,0.8,true,,true,0.0,phi4_parser_v3,11.14,1385,false
false,true,1.0,false,true,user_endorsement,baseline,false,user_endorsed,true,low,0.8,64,1,direct_support,low,true,low,low,1,1,true,true,v0-family-008,true,1076,e977ec36b92c66987c89ad64,hf/microsoft/phi-4,285,true,false,false,true,0.8,true,,true,0.0,phi4_parser_v3,10.129,1361,false
false,true,0.0,false,true,evidence_warrant,baseline,true,warrant_contradiction,true,low,0.8,64,1,contradiction,low,true,low,low,1,1,false,true,v0-family-008,true,1076,0cf7728d12a4be6ee130d626,hf/microsoft/phi-4,277,true,false,true,true,0.8,true,,true,0.0,phi4_parser_v3,8.106,1353,false
false,true,0.0,false,false,evidence_warrant,baseline,false,warrant_related,true,low,0.8,64,1,related_only,low,true,low,low,1,1,false,false,v0-family-008,true,1074,b2b09de233823c85319b875f,hf/microsoft/phi-4,272,true,true,,true,0.0,true,,true,0.0,phi4_parser_v3,10.127,1346,false
true,true,1.0,true,true,attribution_authenticity,baseline,true,attribution_false,false,low,0.8,64,1,direct_support,low,true,low,low,1,1,false,true,v0-family-009,true,1081,c79cc4a774087554bb10bdc9,hf/microsoft/phi-4,316,true,false,true,true,0.8,true,,true,0.0,phi4_parser_v3,10.126,1397,false
true,true,1.0,true,true,authority_style,baseline,true,authority_high,true,high,0.8,64,1,direct_support,low,true,low,low,1,1,false,true,v0-family-009,true,1087,9622076cb7d081375a9240bc,hf/microsoft/phi-4,282,true,false,true,true,0.8,true,,true,0.0,phi4_parser_v3,10.127,1369,false
true,true,1.0,true,true,,,true,baseline,true,low,0.8,64,1,direct_support,low,true,low,low,1,1,false,true,v0-family-009,true,1081,37240011b72a77b7e4524b18,hf/microsoft/phi-4,294,true,false,true,true,0.8,true,,true,0.0,phi4_parser_v3,11.141,1375,false
true,true,1.0,true,true,raw_source_count,baseline,true,dependent_copies,true,low,0.8,64,1,direct_support,low,true,low,low,4,1,false,true,v0-family-009,true,1561,39051c75d4dd065d623e742a,hf/microsoft/phi-4,309,true,false,true,true,0.8,true,,true,0.0,phi4_parser_v3,10.126,1870,false
true,true,1.0,true,true,document_length,baseline,true,document_long,true,low,0.8,128,1,direct_support,low,true,low,low,1,1,false,true,v0-family-009,true,1157,7c9fa420fe7b72946840babc,hf/microsoft/phi-4,284,true,false,true,true,0.8,true,,true,0.0,phi4_parser_v3,11.137,1441,false
true,true,1.0,true,true,familiarity,baseline,true,familiarity_high,true,low,0.8,64,1,direct_support,high,true,low,low,1,1,false,true,v0-family-009,true,1081,c9358ddd001c7f33915c0a09,hf/microsoft/phi-4,294,true,false,true,true,0.8,true,,true,0.0,phi4_parser_v3,8.103,1375,false
true,true,1.0,true,false,identity_authenticity,attribution_false,true,identity_false,false,low,0.8,64,1,direct_support,low,false,low,low,1,1,false,false,v0-family-009,true,1081,f246a9404e631ac0098e13f9,hf/microsoft/phi-4,305,true,false,true,true,0.8,true,,true,0.0,phi4_parser_v3,11.139,1386,false
true,true,1.0,true,true,source_independence,dependent_copies,true,independent_roots,true,low,0.8,64,1,direct_support,low,true,low,low,4,4,false,true,v0-family-009,true,1561,99249b3a6110f29d7b0d1068,hf/microsoft/phi-4,291,true,false,true,true,0.8,true,,true,0.0,phi4_parser_v3,8.103,1852,false
true,true,1.0,true,true,popularity,baseline,true,popularity_high,true,low,0.8,64,1,direct_support,low,true,high,low,1,1,false,true,v0-family-009,true,1081,66609dcfdbcbcf1533cafc6a,hf/microsoft/phi-4,301,true,false,true,true,0.8,true,,true,0.0,phi4_parser_v3,10.125,1382,false
true,true,1.0,true,true,document_position,baseline,true,position_late,true,low,0.8,64,3,direct_support,low,true,low,low,1,1,false,true,v0-family-009,true,1082,ba6608b9113d16bee71971c1,hf/microsoft/phi-4,301,true,false,true,true,0.8,true,,true,0.0,phi4_parser_v3,9.115,1383,false
true,true,1.0,true,true,precision_detail,baseline,true,precision_high,true,low,0.8,64,1,direct_support,low,true,low,high,1,1,false,true,v0-family-009,true,1097,b3eb01ec42f37e364c6df6ec,hf/microsoft/phi-4,284,true,false,true,true,0.8,true,,true,0.0,phi4_parser_v3,10.126,1381,false
true,true,1.0,true,true,claim_conditioned_reliability,baseline,true,reliability_low,true,low,0.2,64,1,direct_support,low,true,low,low,1,1,false,true,v0-family-009,true,1081,e2a9713939a22cc9e3580ebc,hf/microsoft/phi-4,327,true,false,true,true,0.8,true,,true,0.0,phi4_parser_v3,10.127,1408,false
true,true,1.0,true,true,user_endorsement,baseline,true,user_endorsed,true,low,0.8,64,1,direct_support,low,true,low,low,1,1,true,true,v0-family-009,true,1081,a96eaa781ca3a381159abb97,hf/microsoft/phi-4,301,true,false,true,true,0.8,true,,true,0.0,phi4_parser_v3,10.127,1382,false
true,true,0.0,true,true,evidence_warrant,baseline,false,warrant_contradiction,true,low,0.8,64,1,contradiction,low,true,low,low,1,1,false,true,v0-family-009,true,1081,dd8f17ee4e8a7bfbe2cc6e1f,hf/microsoft/phi-4,281,true,false,false,true,0.8,true,,true,0.0,phi4_parser_v3,10.126,1362,false
true,true,0.0,true,true,evidence_warrant,baseline,false,warrant_related,true,low,0.8,64,1,related_only,low,true,low,low,1,1,false,true,v0-family-009,true,1079,7ad4805246fb0f0fc4c3424c,hf/microsoft/phi-4,299,true,false,false,true,0.8,true,,true,0.0,phi4_parser_v3,8.105,1378,false
true,true,1.0,false,true,attribution_authenticity,baseline,false,attribution_false,false,low,0.8,64,1,direct_support,low,true,low,low,1,1,false,true,v0-family-010,false,1080,eaa2d3b7e66dececf8c9400a,hf/microsoft/phi-4,312,true,false,true,true,0.8,true,,true,0.0,phi4_parser_v3,11.135,1392,false
true,true,1.0,false,true,authority_style,baseline,false,authority_high,true,high,0.8,64,1,direct_support,low,true,low,low,1,1,false,true,v0-family-010,false,1086,6b742a7cfe60e28098be1140,hf/microsoft/phi-4,276,true,false,true,true,0.8,true,,true,0.0,phi4_parser_v3,7.094,1362,false
true,true,1.0,false,true,,,false,baseline,true,low,0.8,64,1,direct_support,low,true,low,low,1,1,false,true,v0-family-010,false,1080,35b75431ea2922772ddabf01,hf/microsoft/phi-4,276,true,false,true,true,0.8,true,,true,0.0,phi4_parser_v3,7.094,1356,false
true,true,1.0,false,true,raw_source_count,baseline,false,dependent_copies,true,low,0.8,64,1,direct_support,low,true,low,low,4,1,false,true,v0-family-010,false,1560,421e20b6ccbbca15c47a775d,hf/microsoft/phi-4,288,true,false,true,true,0.8,true,,true,0.0,phi4_parser_v3,9.117,1848,false
true,true,1.0,false,true,document_length,baseline,false,document_long,true,low,0.8,128,1,direct_support,low,true,low,low,1,1,false,true,v0-family-010,false,1156,1f2d20650f6c62e75aa5224d,hf/microsoft/phi-4,276,true,false,true,true,0.8,true,,true,0.0,phi4_parser_v3,8.103,1432,false
true,true,1.0,false,true,familiarity,baseline,false,familiarity_high,true,low,0.8,64,1,direct_support,high,true,low,low,1,1,false,true,v0-family-010,false,1080,d59c19a7bccd409a973f0cf0,hf/microsoft/phi-4,281,true,false,true,true,0.8,true,,true,0.0,phi4_parser_v3,11.136,1361,false
true,true,1.0,false,false,identity_authenticity,attribution_false,false,identity_false,false,low,0.8,64,1,direct_support,low,false,low,low,1,1,false,false,v0-family-010,false,1080,b279c361a7f0f1012327b0a7,hf/microsoft/phi-4,288,true,false,true,true,0.8,true,,true,0.0,phi4_parser_v3,8.104,1368,false
true,true,1.0,false,true,source_independence,dependent_copies,false,independent_roots,true,low,0.8,64,1,direct_support,low,true,low,low,4,4,false,true,v0-family-010,false,1560,9f49a34cc78b00db2455974a,hf/microsoft/phi-4,290,true,false,true,true,0.8,true,,true,0.0,phi4_parser_v3,11.14,1850,false
true,true,1.0,false,true,popularity,baseline,false,popularity_high,true,low,0.8,64,1,direct_support,low,true,high,low,1,1,false,true,v0-family-010,false,1080,37c4a6921cba35170d1c45f8,hf/microsoft/phi-4,281,true,false,true,true,0.8,true,,true,0.0,phi4_parser_v3,9.12,1361,false
true,true,1.0,false,true,document_position,baseline,false,position_late,true,low,0.8,64,3,direct_support,low,true,low,low,1,1,false,true,v0-family-010,false,1081,c6581d0563ddc2ca8fb49aba,hf/microsoft/phi-4,300,true,false,true,true,0.8,true,,true,0.0,phi4_parser_v3,10.124,1381,false
true,true,1.0,false,true,precision_detail,baseline,false,precision_high,true,low,0.8,64,1,direct_support,low,true,low,high,1,1,false,true,v0-family-010,false,1095,969145360f4344efe212435d,hf/microsoft/phi-4,295,true,false,true,true,0.8,true,,true,0.0,phi4_parser_v3,8.105,1390,false
true,true,1.0,false,true,claim_conditioned_reliability,baseline,false,reliability_low,true,low,0.2,64,1,direct_support,low,true,low,low,1,1,false,true,v0-family-010,false,1080,f100d2728c2bf7dc923084db,hf/microsoft/phi-4,308,true,false,true,true,0.8,true,,true,0.0,phi4_parser_v3,10.126,1388,false
true,true,1.0,false,true,user_endorsement,baseline,false,user_endorsed,true,low,0.8,64,1,direct_support,low,true,low,low,1,1,true,true,v0-family-010,false,1080,7d4f825843dc5836c9f8e497,hf/microsoft/phi-4,276,true,false,true,true,0.8,true,,true,0.0,phi4_parser_v3,10.13,1356,false
true,true,0.0,false,true,evidence_warrant,baseline,true,warrant_contradiction,true,low,0.8,64,1,contradiction,low,true,low,low,1,1,false,true,v0-family-010,false,1080,63812eb7a5fb31a3f10b30c7,hf/microsoft/phi-4,275,true,false,false,true,0.8,true,,true,0.0,phi4_parser_v3,8.105,1355,false
true,true,0.0,false,true,evidence_warrant,baseline,true,warrant_related,true,low,0.8,64,1,related_only,low,true,low,low,1,1,false,true,v0-family-010,false,1078,98c6d2d5bdd08d00c2df229d,hf/microsoft/phi-4,295,true,false,false,true,0.8,true,,true,0.0,phi4_parser_v3,11.142,1373,false
false,true,1.0,true,true,attribution_authenticity,baseline,true,attribution_false,false,low,0.8,64,1,direct_support,low,true,low,low,1,1,false,true,v0-family-011,false,1078,fc212f7065a8644d33a1fca5,hf/microsoft/phi-4,322,true,false,false,true,0.8,true,,true,0.0,phi4_parser_v3,10.129,1400,false
false,true,1.0,true,true,authority_style,baseline,true,authority_high,true,high,0.8,64,1,direct_support,low,true,low,low,1,1,false,true,v0-family-011,false,1082,d9a517554ef400d21209cb56,hf/microsoft/phi-4,296,true,false,false,true,0.8,true,,true,0.0,phi4_parser_v3,11.138,1378,false
false,true,1.0,true,true,,,true,baseline,true,low,0.8,64,1,direct_support,low,true,low,low,1,1,false,true,v0-family-011,false,1078,1608466822e1bf863d1f5569,hf/microsoft/phi-4,287,true,false,false,true,0.8,true,,true,0.0,phi4_parser_v3,11.142,1365,false
false,true,1.0,true,true,raw_source_count,baseline,true,dependent_copies,true,low,0.8,64,1,direct_support,low,true,low,low,4,1,false,true,v0-family-011,false,1555,5d3ddb7914121e6b44056dcc,hf/microsoft/phi-4,276,true,false,false,true,0.8,true,,true,0.0,phi4_parser_v3,10.129,1831,false
false,true,1.0,true,true,document_length,baseline,true,document_long,true,low,0.8,128,1,direct_support,low,true,low,low,1,1,false,true,v0-family-011,false,1154,5523e2a39c0fac5205a0ea62,hf/microsoft/phi-4,298,true,false,false,true,0.8,true,,true,0.0,phi4_parser_v3,11.136,1452,false
false,true,1.0,true,true,familiarity,baseline,true,familiarity_high,true,low,0.8,64,1,direct_support,high,true,low,low,1,1,false,true,v0-family-011,false,1078,90b9c1b114e47385292d75a4,hf/microsoft/phi-4,279,true,false,false,true,0.8,true,,true,0.0,phi4_parser_v3,8.106,1357,false
false,true,1.0,true,true,identity_authenticity,attribution_false,true,identity_false,false,low,0.8,64,1,direct_support,low,false,low,low,1,1,false,true,v0-family-011,false,1078,fe908fcf1a554927316375c5,hf/microsoft/phi-4,296,true,false,false,true,0.8,true,,true,0.0,phi4_parser_v3,11.133,1374,false
false,true,1.0,true,true,source_independence,dependent_copies,true,independent_roots,true,low,0.8,64,1,direct_support,low,true,low,low,4,4,false,true,v0-family-011,false,1555,a19a722da7bb9f5b2c841bcd,hf/microsoft/phi-4,292,true,false,false,true,0.8,true,,true,0.0,phi4_parser_v3,8.107,1847,false
false,true,1.0,true,true,popularity,baseline,true,popularity_high,true,low,0.8,64,1,direct_support,low,true,high,low,1,1,false,true,v0-family-011,false,1078,be75781a13a4dcd54ddaf966,hf/microsoft/phi-4,279,true,false,false,true,0.8,true,,true,0.0,phi4_parser_v3,8.108,1357,false
false,true,1.0,true,true,document_position,baseline,true,position_late,true,low,0.8,64,3,direct_support,low,true,low,low,1,1,false,true,v0-family-011,false,1079,85a402cd21bed742b1a608e8,hf/microsoft/phi-4,298,true,false,false,true,0.8,true,,true,0.0,phi4_parser_v3,9.114,1377,false
false,true,1.0,true,true,precision_detail,baseline,true,precision_high,true,low,0.8,64,1,direct_support,low,true,low,high,1,1,false,true,v0-family-011,false,1092,dfa27f9a9a658b913de56fdd,hf/microsoft/phi-4,307,true,false,false,true,0.8,true,,true,0.0,phi4_parser_v3,11.136,1399,false
false,true,1.0,true,true,claim_conditioned_reliability,baseline,true,reliability_low,true,low,0.2,64,1,direct_support,low,true,low,low,1,1,false,true,v0-family-011,false,1078,2c0e6f3c6c4f0ae27757c5c6,hf/microsoft/phi-4,311,true,false,false,true,0.8,true,,true,0.0,phi4_parser_v3,9.12,1389,false
false,true,1.0,true,true,user_endorsement,baseline,true,user_endorsed,true,low,0.8,64,1,direct_support,low,true,low,low,1,1,true,true,v0-family-011,false,1078,59eb4610e7fff9371c5e9c25,hf/microsoft/phi-4,283,true,false,false,true,0.8,true,,true,0.0,phi4_parser_v3,9.115,1361,false
false,true,0.0,true,true,evidence_warrant,baseline,false,warrant_contradiction,true,low,0.8,64,1,contradiction,low,true,low,low,1,1,false,true,v0-family-011,false,1078,4be2cb63d91095f4682ba0bd,hf/microsoft/phi-4,275,true,false,true,true,0.8,true,,true,0.0,phi4_parser_v3,10.124,1353,false
false,true,1.0,true,true,evidence_warrant,baseline,true,warrant_related,true,low,0.8,64,1,related_only,low,true,low,low,1,1,false,true,v0-family-011,false,1076,5d4780355a71b25a7eff927c,hf/microsoft/phi-4,300,true,false,false,true,0.8,true,,true,0.0,phi4_parser_v3,8.096,1376,false
false,true,1.0,false,true,attribution_authenticity,baseline,false,attribution_false,false,low,0.8,64,1,direct_support,low,true,low,low,1,1,false,true,v0-family-012,true,1078,df95232ac0a74127cd5ad368,hf/microsoft/phi-4,313,true,false,false,true,0.8,true,,true,0.0,phi4_parser_v3,12.149,1391,false
false,true,1.0,false,true,authority_style,baseline,false,authority_high,true,high,0.8,64,1,direct_support,low,true,low,low,1,1,false,true,v0-family-012,true,1082,400ab9a6a0107002ffd1d07b,hf/microsoft/phi-4,316,true,false,false,true,0.8,true,,true,0.0,phi4_parser_v3,8.11,1398,false
false,true,1.0,false,true,,,false,baseline,true,low,0.8,64,1,direct_support,low,true,low,low,1,1,false,true,v0-family-012,true,1078,76d6e02b5fb2bd60151f40b3,hf/microsoft/phi-4,315,true,false,false,true,0.8,true,,true,0.0,phi4_parser_v3,8.105,1393,false
false,true,1.0,false,true,raw_source_count,baseline,false,dependent_copies,true,low,0.8,64,1,direct_support,low,true,low,low,4,1,false,true,v0-family-012,true,1555,d2d5300a51927ec3fa1b9c83,hf/microsoft/phi-4,293,true,false,false,true,0.8,true,,true,0.0,phi4_parser_v3,9.119,1848,false
false,true,1.0,false,true,document_length,baseline,false,document_long,true,low,0.8,128,1,direct_support,low,true,low,low,1,1,false,true,v0-family-012,true,1154,1247da53c12a9b1fbf64393f,hf/microsoft/phi-4,298,true,false,false,true,0.8,true,,true,0.0,phi4_parser_v3,9.117,1452,false
false,true,1.0,false,true,familiarity,baseline,false,familiarity_high,true,low,0.8,64,1,direct_support,high,true,low,low,1,1,false,true,v0-family-012,true,1078,f871c05b9a27fffa5e23a24f,hf/microsoft/phi-4,307,true,false,false,true,0.8,true,,true,0.0,phi4_parser_v3,11.141,1385,false
false,true,1.0,false,true,identity_authenticity,attribution_false,false,identity_false,false,low,0.8,64,1,direct_support,low,false,low,low,1,1,false,true,v0-family-012,true,1078,2a96050de90bcc690151a82c,hf/microsoft/phi-4,299,true,false,false,true,0.8,true,,true,0.0,phi4_parser_v3,8.105,1377,false
false,true,1.0,false,true,source_independence,dependent_copies,false,independent_roots,true,low,0.8,64,1,direct_support,low,true,low,low,4,4,false,true,v0-family-012,true,1555,f3c49663e8d9c328d3070545,hf/microsoft/phi-4,290,true,false,false,true,0.8,true,,true,0.0,phi4_parser_v3,11.142,1845,false
false,true,1.0,false,true,popularity,baseline,false,popularity_high,true,low,0.8,64,1,direct_support,low,true,high,low,1,1,false,true,v0-family-012,true,1078,4a0290deab96aa561d3093eb,hf/microsoft/phi-4,288,true,false,false,true,0.8,true,,true,0.0,phi4_parser_v3,10.131,1366,false
false,true,1.0,false,true,document_position,baseline,false,position_late,true,low,0.8,64,3,direct_support,low,true,low,low,1,1,false,true,v0-family-012,true,1079,2760ab2fbad754ad731743b6,hf/microsoft/phi-4,301,true,false,false,true,0.8,true,,true,0.0,phi4_parser_v3,9.117,1380,false
false,true,1.0,false,true,precision_detail,baseline,false,precision_high,true,low,0.8,64,1,direct_support,low,true,low,high,1,1,false,true,v0-family-012,true,1093,b2abaf3f162f90fd53d9e7c4,hf/microsoft/phi-4,288,true,false,false,true,0.8,true,,true,0.0,phi4_parser_v3,8.106,1381,false
false,true,1.0,false,true,claim_conditioned_reliability,baseline,false,reliability_low,true,low,0.2,64,1,direct_support,low,true,low,low,1,1,false,true,v0-family-012,true,1078,7ece714ffd287df1b7a7e401,hf/microsoft/phi-4,327,true,false,false,true,0.8,true,,true,0.0,phi4_parser_v3,10.126,1405,false
false,true,1.0,false,true,user_endorsement,baseline,false,user_endorsed,true,low,0.8,64,1,direct_support,low,true,low,low,1,1,true,true,v0-family-012,true,1078,d78050cef43f5a802f758545,hf/microsoft/phi-4,315,true,false,false,true,0.8,true,,true,0.0,phi4_parser_v3,11.139,1393,false
false,true,0.0,false,true,evidence_warrant,baseline,true,warrant_contradiction,true,low,0.8,64,1,contradiction,low,true,low,low,1,1,false,true,v0-family-012,true,1078,3fff7528a4cb87604ab66e43,hf/microsoft/phi-4,294,true,false,true,true,0.8,true,,true,0.0,phi4_parser_v3,10.13,1372,false
false,true,0.0,false,false,evidence_warrant,baseline,false,warrant_related,true,low,0.8,64,1,related_only,low,true,low,low,1,1,false,false,v0-family-012,true,1076,13eb26f0029d1514d2aa3f02,hf/microsoft/phi-4,263,true,true,,true,0.0,true,,true,0.0,phi4_parser_v3,10.128,1339,false
true,true,1.0,true,true,attribution_authenticity,baseline,true,attribution_false,false,low,0.8,64,1,direct_support,low,true,low,low,1,1,false,true,v0-family-013,true,1075,bb40bece8f30edad0091f30e,hf/microsoft/phi-4,331,true,false,true,true,0.8,true,,true,0.0,phi4_parser_v3,10.129,1406,false
true,true,1.0,true,true,authority_style,baseline,true,authority_high,true,high,0.8,64,1,direct_support,low,true,low,low,1,1,false,true,v0-family-013,true,1081,88aef741330c4306c8d42a4e,hf/microsoft/phi-4,283,true,false,true,true,0.8,true,,true,0.0,phi4_parser_v3,11.137,1364,false
true,true,1.0,true,true,,,true,baseline,true,low,0.8,64,1,direct_support,low,true,low,low,1,1,false,true,v0-family-013,true,1075,98992390156b3b7acf0a8253,hf/microsoft/phi-4,305,true,false,true,true,0.8,true,,true,0.0,phi4_parser_v3,11.139,1380,false
true,true,1.0,true,true,raw_source_count,baseline,true,dependent_copies,true,low,0.8,64,1,direct_support,low,true,low,low,4,1,false,true,v0-family-013,true,1552,dbf68d6f2b0d259a247df72b,hf/microsoft/phi-4,307,true,false,true,true,0.8,true,,true,0.0,phi4_parser_v3,10.129,1859,false
true,true,1.0,true,true,document_length,baseline,true,document_long,true,low,0.8,128,1,direct_support,low,true,low,low,1,1,false,true,v0-family-013,true,1151,b604e037fe1c6fddc8d35ece,hf/microsoft/phi-4,282,true,false,true,true,0.8,true,,true,0.0,phi4_parser_v3,9.117,1433,false
true,true,1.0,true,true,familiarity,baseline,true,familiarity_high,true,low,0.8,64,1,direct_support,high,true,low,low,1,1,false,true,v0-family-013,true,1075,aaa9e27266db119f10c29f04,hf/microsoft/phi-4,288,true,false,true,true,0.8,true,,true,0.0,phi4_parser_v3,10.125,1363,false
true,true,1.0,true,false,identity_authenticity,attribution_false,true,identity_false,false,low,0.8,64,1,direct_support,low,false,low,low,1,1,false,false,v0-family-013,true,1075,cf3271ee09a27ff1e75eb8d5,hf/microsoft/phi-4,285,true,false,true,true,0.8,true,,true,0.0,phi4_parser_v3,11.142,1360,false
true,true,1.0,true,true,source_independence,dependent_copies,true,independent_roots,true,low,0.8,64,1,direct_support,low,true,low,low,4,4,false,true,v0-family-013,true,1552,9d9fcff0c146ec84765c73f8,hf/microsoft/phi-4,301,true,false,true,true,0.8,true,,true,0.0,phi4_parser_v3,9.118,1853,false
true,true,1.0,true,true,popularity,baseline,true,popularity_high,true,low,0.8,64,1,direct_support,low,true,high,low,1,1,false,true,v0-family-013,true,1075,a1dad6a19d4c5b41d5b31836,hf/microsoft/phi-4,299,true,false,true,true,0.8,true,,true,0.0,phi4_parser_v3,8.104,1374,false
true,true,1.0,true,true,document_position,baseline,true,position_late,true,low,0.8,64,3,direct_support,low,true,low,low,1,1,false,true,v0-family-013,true,1076,406eeae78c0cdcf1227051f5,hf/microsoft/phi-4,299,true,false,true,true,0.8,true,,true,0.0,phi4_parser_v3,11.137,1375,false
true,true,1.0,true,true,precision_detail,baseline,true,precision_high,true,low,0.8,64,1,direct_support,low,true,low,high,1,1,false,true,v0-family-013,true,1093,5ed8e24b13fb49f4c0241fba,hf/microsoft/phi-4,282,true,false,true,true,0.8,true,,true,0.0,phi4_parser_v3,10.129,1375,false
true,true,1.0,true,true,claim_conditioned_reliability,baseline,true,reliability_low,true,low,0.2,64,1,direct_support,low,true,low,low,1,1,false,true,v0-family-013,true,1075,e0039cf654fa694de34d212d,hf/microsoft/phi-4,307,true,false,true,true,0.8,true,,true,0.0,phi4_parser_v3,9.117,1382,false
true,true,1.0,true,true,user_endorsement,baseline,true,user_endorsed,true,low,0.8,64,1,direct_support,low,true,low,low,1,1,true,true,v0-family-013,true,1075,c8af822e2d81cac0197ff298,hf/microsoft/phi-4,299,true,false,true,true,0.8,true,,true,0.0,phi4_parser_v3,8.106,1374,false
true,true,0.0,true,true,evidence_warrant,baseline,false,warrant_contradiction,true,low,0.8,64,1,contradiction,low,true,low,low,1,1,false,true,v0-family-013,true,1075,0d666ace509c512893d255b3,hf/microsoft/phi-4,289,true,false,false,true,0.8,true,,true,0.0,phi4_parser_v3,10.13,1364,false
true,true,0.0,true,true,evidence_warrant,baseline,false,warrant_related,true,low,0.8,64,1,related_only,low,true,low,low,1,1,false,true,v0-family-013,true,1073,c53aadeb90657ea1d72cab6e,hf/microsoft/phi-4,286,true,false,false,true,0.8,true,,true,0.0,phi4_parser_v3,8.106,1359,false
true,true,1.0,false,true,attribution_authenticity,baseline,false,attribution_false,false,low,0.8,64,1,direct_support,low,true,low,low,1,1,false,true,v0-family-014,false,1081,a43ca39f116468e183193ed1,hf/microsoft/phi-4,332,true,false,true,true,0.8,true,,true,0.0,phi4_parser_v3,9.115,1413,false
true,true,1.0,false,true,authority_style,baseline,false,authority_high,true,high,0.8,64,1,direct_support,low,true,low,low,1,1,false,true,v0-family-014,false,1087,688bb868f9078c5991adf9f6,hf/microsoft/phi-4,291,true,false,true,true,0.8,true,,true,0.0,phi4_parser_v3,9.118,1378,false
true,true,1.0,false,true,,,false,baseline,true,low,0.8,64,1,direct_support,low,true,low,low,1,1,false,true,v0-family-014,false,1081,5333926f420d90841d03fc77,hf/microsoft/phi-4,289,true,false,true,true,0.8,true,,true,0.0,phi4_parser_v3,9.116,1370,false
true,true,1.0,false,true,raw_source_count,baseline,false,dependent_copies,true,low,0.8,64,1,direct_support,low,true,low,low,4,1,false,true,v0-family-014,false,1561,ff3f656ed5af56a62f112209,hf/microsoft/phi-4,301,true,false,true,true,0.8,true,,true,0.0,phi4_parser_v3,11.14,1862,false
true,true,1.0,false,true,document_length,baseline,false,document_long,true,low,0.8,128,1,direct_support,low,true,low,low,1,1,false,true,v0-family-014,false,1157,68fa6b9b09f6366c3ae2d526,hf/microsoft/phi-4,277,true,false,true,true,0.8,true,,true,0.0,phi4_parser_v3,9.111,1434,false
true,true,1.0,false,true,familiarity,baseline,false,familiarity_high,true,low,0.8,64,1,direct_support,high,true,low,low,1,1,false,true,v0-family-014,false,1081,7b8b6b5c6366f24e6cc14c99,hf/microsoft/phi-4,291,true,false,true,true,0.8,true,,true,0.0,phi4_parser_v3,8.108,1372,false
true,true,1.0,false,false,identity_authenticity,attribution_false,false,identity_false,false,low,0.8,64,1,direct_support,low,false,low,low,1,1,false,false,v0-family-014,false,1081,3d22feaa4df4fc6d32539428,hf/microsoft/phi-4,290,true,false,true,true,0.8,true,,true,0.0,phi4_parser_v3,11.139,1371,false
true,true,1.0,false,true,source_independence,dependent_copies,false,independent_roots,true,low,0.8,64,1,direct_support,low,true,low,low,4,4,false,true,v0-family-014,false,1561,d75d67976c34d5f9718bdcb6,hf/microsoft/phi-4,291,true,false,true,true,0.8,true,,true,0.0,phi4_parser_v3,8.105,1852,false
true,true,1.0,false,true,popularity,baseline,false,popularity_high,true,low,0.8,64,1,direct_support,low,true,high,low,1,1,false,true,v0-family-014,false,1081,b79cf63a8aa86f07c74b1037,hf/microsoft/phi-4,291,true,false,true,true,0.8,true,,true,0.0,phi4_parser_v3,11.14,1372,false
true,true,1.0,false,true,document_position,baseline,false,position_late,true,low,0.8,64,3,direct_support,low,true,low,low,1,1,false,true,v0-family-014,false,1082,174ba96591e5f6e0dfea3d7c,hf/microsoft/phi-4,276,true,false,true,true,0.8,true,,true,0.0,phi4_parser_v3,7.093,1358,false
true,true,1.0,false,true,precision_detail,baseline,false,precision_high,true,low,0.8,64,1,direct_support,low,true,low,high,1,1,false,true,v0-family-014,false,1097,de1e89bb36935ab7fbb32830,hf/microsoft/phi-4,292,true,false,true,true,0.8,true,,true,0.0,phi4_parser_v3,9.119,1389,false
true,true,1.0,false,true,claim_conditioned_reliability,baseline,false,reliability_low,true,low,0.2,64,1,direct_support,low,true,low,low,1,1,false,true,v0-family-014,false,1081,c9c693d5f004f08e3a7d4ffb,hf/microsoft/phi-4,317,true,false,true,true,0.8,true,,true,0.0,phi4_parser_v3,12.149,1398,false
true,true,1.0,false,true,user_endorsement,baseline,false,user_endorsed,true,low,0.8,64,1,direct_support,low,true,low,low,1,1,true,true,v0-family-014,false,1081,288e654f54557239fc7d3938,hf/microsoft/phi-4,291,true,false,true,true,0.8,true,,true,0.0,phi4_parser_v3,11.138,1372,false
true,true,0.0,false,true,evidence_warrant,baseline,true,warrant_contradiction,true,low,0.8,64,1,contradiction,low,true,low,low,1,1,false,true,v0-family-014,false,1081,33b3e18844eae9c5095b53f4,hf/microsoft/phi-4,281,true,false,false,true,0.8,true,,true,0.0,phi4_parser_v3,9.117,1362,false
true,true,0.0,false,true,evidence_warrant,baseline,true,warrant_related,true,low,0.8,64,1,related_only,low,true,low,low,1,1,false,true,v0-family-014,false,1079,588fe00317941c56680e811a,hf/microsoft/phi-4,308,true,false,false,true,0.8,true,,true,0.0,phi4_parser_v3,9.117,1387,false
false,true,1.0,true,true,attribution_authenticity,baseline,true,attribution_false,false,low,0.8,64,1,direct_support,low,true,low,low,1,1,false,true,v0-family-015,false,1077,72070484550a3a17aa630594,hf/microsoft/phi-4,301,true,false,false,true,0.8,true,,true,0.0,phi4_parser_v3,11.134,1378,false
false,true,1.0,true,true,authority_style,baseline,true,authority_high,true,high,0.8,64,1,direct_support,low,true,low,low,1,1,false,true,v0-family-015,false,1081,ca46720dcc94b7f409a10ea1,hf/microsoft/phi-4,289,true,false,false,true,0.8,true,,true,0.0,phi4_parser_v3,11.139,1370,false
false,true,1.0,true,true,,,true,baseline,true,low,0.8,64,1,direct_support,low,true,low,low,1,1,false,true,v0-family-015,false,1077,4afe5e13decb46c9b9830333,hf/microsoft/phi-4,297,true,false,false,true,0.8,true,,true,0.0,phi4_parser_v3,11.138,1374,false
false,true,1.0,true,true,raw_source_count,baseline,true,dependent_copies,true,low,0.8,64,1,direct_support,low,true,low,low,4,1,false,true,v0-family-015,false,1554,da464b89cd90764f339b87b2,hf/microsoft/phi-4,282,true,false,false,true,0.8,true,,true,0.0,phi4_parser_v3,9.116,1836,false
false,true,1.0,true,true,document_length,baseline,true,document_long,true,low,0.8,128,1,direct_support,low,true,low,low,1,1,false,true,v0-family-015,false,1153,930e90c2cd0e5b6f60939abf,hf/microsoft/phi-4,297,true,false,false,true,0.8,true,,true,0.0,phi4_parser_v3,8.106,1450,false
false,true,1.0,true,true,familiarity,baseline,true,familiarity_high,true,low,0.8,64,1,direct_support,high,true,low,low,1,1,false,true,v0-family-015,false,1077,f72aaf0ec286a8939e79e84e,hf/microsoft/phi-4,314,true,false,false,true,0.8,true,,true,0.0,phi4_parser_v3,11.138,1391,false
false,true,1.0,true,true,identity_authenticity,attribution_false,true,identity_false,false,low,0.8,64,1,direct_support,low,false,low,low,1,1,false,true,v0-family-015,false,1077,23e8a1bb8814929c145b14a1,hf/microsoft/phi-4,314,true,false,false,true,0.8,true,,true,0.0,phi4_parser_v3,10.131,1391,false
false,true,1.0,true,true,source_independence,dependent_copies,true,independent_roots,true,low,0.8,64,1,direct_support,low,true,low,low,4,4,false,true,v0-family-015,false,1554,10a064a30a4e1ad71bfa12d6,hf/microsoft/phi-4,291,true,false,false,true,0.8,true,,true,0.0,phi4_parser_v3,9.116,1845,false
false,true,1.0,true,true,popularity,baseline,true,popularity_high,true,low,0.8,64,1,direct_support,low,true,high,low,1,1,false,true,v0-family-015,false,1077,ecd7973d51487248f31737e5,hf/microsoft/phi-4,314,true,false,false,true,0.8,true,,true,0.0,phi4_parser_v3,8.104,1391,false
false,true,1.0,true,true,document_position,baseline,true,position_late,true,low,0.8,64,3,direct_support,low,true,low,low,1,1,false,true,v0-family-015,false,1078,08ca7e02608490e84825fd94,hf/microsoft/phi-4,314,true,false,false,true,0.8,true,,true,0.0,phi4_parser_v3,12.153,1392,false
false,true,1.0,true,true,precision_detail,baseline,true,precision_high,true,low,0.8,64,1,direct_support,low,true,low,high,1,1,false,true,v0-family-015,false,1093,18bbd4f414d5e47de987afdf,hf/microsoft/phi-4,306,true,false,false,true,0.8,true,,true,0.0,phi4_parser_v3,10.13,1399,false
false,true,1.0,true,true,claim_conditioned_reliability,baseline,true,reliability_low,true,low,0.2,64,1,direct_support,low,true,low,low,1,1,false,true,v0-family-015,false,1077,240dcce2ee6f4952dfa7cc49,hf/microsoft/phi-4,317,true,false,false,true,0.8,true,,true,0.0,phi4_parser_v3,8.102,1394,false
false,true,1.0,true,true,user_endorsement,baseline,true,user_endorsed,true,low,0.8,64,1,direct_support,low,true,low,low,1,1,true,true,v0-family-015,false,1077,09476db5ca4e079a492af2a8,hf/microsoft/phi-4,314,true,false,false,true,0.8,true,,true,0.0,phi4_parser_v3,9.117,1391,false
false,true,0.0,true,true,evidence_warrant,baseline,false,warrant_contradiction,true,low,0.8,64,1,contradiction,low,true,low,low,1,1,false,true,v0-family-015,false,1077,444c2e36b6af5516dee05708,hf/microsoft/phi-4,275,true,false,true,true,0.8,true,,true,0.0,phi4_parser_v3,10.128,1352,false
false,true,0.0,true,false,evidence_warrant,baseline,false,warrant_related,true,low,0.8,64,1,related_only,low,true,low,low,1,1,false,false,v0-family-015,false,1075,219da83b4e9846315e26fe53,hf/microsoft/phi-4,273,true,true,,true,0.0,true,,true,0.0,phi4_parser_v3,8.109,1348,false
false,true,1.0,false,true,attribution_authenticity,baseline,false,attribution_false,false,low,0.8,64,1,direct_support,low,true,low,low,1,1,false,true,v0-family-016,true,1077,5b96ca2c93cad997e16287c0,hf/microsoft/phi-4,277,true,false,false,true,0.8,true,,true,0.0,phi4_parser_v3,8.107,1354,false
false,true,1.0,false,true,authority_style,baseline,false,authority_high,true,high,0.8,64,1,direct_support,low,true,low,low,1,1,false,true,v0-family-016,true,1081,426b3fed2767cffa14ed3be9,hf/microsoft/phi-4,290,true,false,false,true,0.8,true,,true,0.0,phi4_parser_v3,10.127,1371,false
false,true,1.0,false,true,,,false,baseline,true,low,0.8,64,1,direct_support,low,true,low,low,1,1,false,true,v0-family-016,true,1077,cd0ee67df97eae6c3b9e6a41,hf/microsoft/phi-4,289,true,false,false,true,0.8,true,,true,0.0,phi4_parser_v3,10.13,1366,false
false,true,1.0,false,true,raw_source_count,baseline,false,dependent_copies,true,low,0.8,64,1,direct_support,low,true,low,low,4,1,false,true,v0-family-016,true,1554,4d9dc4d5b42bdb6007faf0e9,hf/microsoft/phi-4,290,true,false,false,true,0.8,true,,true,0.0,phi4_parser_v3,11.137,1844,false
false,true,1.0,false,true,document_length,baseline,false,document_long,true,low,0.8,128,1,direct_support,low,true,low,low,1,1,false,true,v0-family-016,true,1153,204b75d70188b307a9929a49,hf/microsoft/phi-4,297,true,false,false,true,0.8,true,,true,0.0,phi4_parser_v3,11.134,1450,false
false,true,1.0,false,true,familiarity,baseline,false,familiarity_high,true,low,0.8,64,1,direct_support,high,true,low,low,1,1,false,true,v0-family-016,true,1077,915c03d78a585776e4526e31,hf/microsoft/phi-4,287,true,false,false,true,0.8,true,,true,0.0,phi4_parser_v3,8.103,1364,false
false,true,1.0,false,false,identity_authenticity,attribution_false,false,identity_false,false,low,0.8,64,1,direct_support,low,false,low,low,1,1,false,false,v0-family-016,true,1077,540b8b33fe4a7fa9b8093ca1,hf/microsoft/phi-4,298,true,false,false,true,0.8,true,,true,0.0,phi4_parser_v3,11.139,1375,false
false,true,1.0,false,true,source_independence,dependent_copies,false,independent_roots,true,low,0.8,64,1,direct_support,low,true,low,low,4,4,false,true,v0-family-016,true,1554,dfe57929b86aa3cdfef76a38,hf/microsoft/phi-4,289,true,false,false,true,0.8,true,,true,0.0,phi4_parser_v3,8.104,1843,false
false,true,1.0,false,true,popularity,baseline,false,popularity_high,true,low,0.8,64,1,direct_support,low,true,high,low,1,1,false,true,v0-family-016,true,1077,b9a640b6b3bab02d4ca42ee0,hf/microsoft/phi-4,286,true,false,false,true,0.8,true,,true,0.0,phi4_parser_v3,10.126,1363,false
false,true,1.0,false,true,document_position,baseline,false,position_late,true,low,0.8,64,3,direct_support,low,true,low,low,1,1,false,true,v0-family-016,true,1078,515c8f81e4fd8a6cc0758835,hf/microsoft/phi-4,314,true,false,false,true,0.8,true,,true,0.0,phi4_parser_v3,10.128,1392,false
false,true,1.0,false,true,precision_detail,baseline,false,precision_high,true,low,0.8,64,1,direct_support,low,true,low,high,1,1,false,true,v0-family-016,true,1090,b335f5830eaa9472455c1bd7,hf/microsoft/phi-4,290,true,false,false,true,0.8,true,,true,0.0,phi4_parser_v3,11.136,1380,false
false,true,1.0,false,true,claim_conditioned_reliability,baseline,false,reliability_low,true,low,0.2,64,1,direct_support,low,true,low,low,1,1,false,true,v0-family-016,true,1077,5d962c68762ab692fe826c6d,hf/microsoft/phi-4,326,true,false,false,true,0.8,true,,true,0.0,phi4_parser_v3,11.136,1403,false
false,true,1.0,false,true,user_endorsement,baseline,false,user_endorsed,true,low,0.8,64,1,direct_support,low,true,low,low,1,1,true,true,v0-family-016,true,1077,9d12a590edccd8a504ddf175,hf/microsoft/phi-4,295,true,false,false,true,0.8,true,,true,0.0,phi4_parser_v3,9.114,1372,false
false,true,1.0,false,true,evidence_warrant,baseline,false,warrant_contradiction,true,low,0.8,64,1,contradiction,low,true,low,low,1,1,false,true,v0-family-016,true,1077,45a69f534ddf8368e14e93fc,hf/microsoft/phi-4,285,true,false,false,true,0.8,true,,true,0.0,phi4_parser_v3,9.116,1362,false
false,true,0.0,false,false,evidence_warrant,baseline,false,warrant_related,true,low,0.8,64,1,related_only,low,true,low,low,1,1,false,false,v0-family-016,true,1075,18599556ab4fa84b900a18eb,hf/microsoft/phi-4,272,true,true,,true,0.0,true,,true,0.0,phi4_parser_v3,8.104,1347,false
true,true,1.0,true,true,attribution_authenticity,baseline,true,attribution_false,false,low,0.8,64,1,direct_support,low,true,low,low,1,1,false,true,v0-family-001,true,1034,87671f5df0ae4a513f720529,hf/Qwen/Qwen3-14B,118,true,false,true,true,0.8,true,,true,0.0,qwen3_14b_parser_v3,3.044,1152,false
true,true,1.0,true,true,authority_style,baseline,true,authority_high,true,high,0.8,64,1,direct_support,low,true,low,low,1,1,false,true,v0-family-001,true,1040,91d8e46558b7b558fbfd1ba8,hf/Qwen/Qwen3-14B,127,true,false,true,true,0.8,true,,true,0.0,qwen3_14b_parser_v3,4.059,1167,false
true,true,1.0,true,true,,,true,baseline,true,low,0.8,64,1,direct_support,low,true,low,low,1,1,false,true,v0-family-001,true,1034,c8bc124b5e4431afd51c0c8e,hf/Qwen/Qwen3-14B,118,true,false,true,true,0.8,true,,true,0.0,qwen3_14b_parser_v3,6.198,1152,false
true,true,1.0,true,true,raw_source_count,baseline,true,dependent_copies,true,low,0.8,64,1,direct_support,low,true,low,low,4,1,false,true,v0-family-001,true,1532,db7cc39d88fa7f31c14e43c4,hf/Qwen/Qwen3-14B,128,true,false,true,true,0.8,true,,true,0.0,qwen3_14b_parser_v3,5.068,1660,false
true,true,1.0,true,true,document_length,baseline,true,document_long,true,low,0.8,128,1,direct_support,low,true,low,low,1,1,false,true,v0-family-001,true,1110,032bf89a9d47881ff1399182,hf/Qwen/Qwen3-14B,106,true,false,true,true,0.8,true,,true,0.0,qwen3_14b_parser_v3,5.067,1216,false
true,true,1.0,true,true,familiarity,baseline,true,familiarity_high,true,low,0.8,64,1,direct_support,high,true,low,low,1,1,false,true,v0-family-001,true,1034,79905af436cb08aafddc18ab,hf/Qwen/Qwen3-14B,127,true,false,true,true,0.8,true,,true,0.0,qwen3_14b_parser_v3,6.078,1161,false
true,true,1.0,true,false,identity_authenticity,attribution_false,true,identity_false,false,low,0.8,64,1,direct_support,low,false,low,low,1,1,false,false,v0-family-001,true,1034,b82deb7179542d0b3ac3a4f6,hf/Qwen/Qwen3-14B,118,true,false,true,true,0.8,true,,true,0.0,qwen3_14b_parser_v3,3.044,1152,false
true,true,1.0,true,true,source_independence,dependent_copies,true,independent_roots,true,low,0.8,64,1,direct_support,low,true,low,low,4,4,false,true,v0-family-001,true,1532,eb1ef102e7ac8f605669bfc1,hf/Qwen/Qwen3-14B,118,true,false,true,true,0.8,true,,true,0.0,qwen3_14b_parser_v3,3.052,1650,false
true,true,1.0,true,true,popularity,baseline,true,popularity_high,true,low,0.8,64,1,direct_support,low,true,high,low,1,1,false,true,v0-family-001,true,1034,eea47594ba52839ebddaa658,hf/Qwen/Qwen3-14B,127,true,false,true,true,0.8,true,,true,0.0,qwen3_14b_parser_v3,6.074,1161,false
true,true,1.0,true,true,document_position,baseline,true,position_late,true,low,0.8,64,3,direct_support,low,true,low,low,1,1,false,true,v0-family-001,true,1035,21324edfb531e0dd3775d7a1,hf/Qwen/Qwen3-14B,127,true,false,true,true,0.8,true,,true,0.0,qwen3_14b_parser_v3,6.074,1162,false
true,true,1.0,true,true,precision_detail,baseline,true,precision_high,true,low,0.8,64,1,direct_support,low,true,low,high,1,1,false,true,v0-family-001,true,1060,2f301f09b051149a4e402c84,hf/Qwen/Qwen3-14B,127,true,false,true,true,0.8,true,,true,0.0,qwen3_14b_parser_v3,4.059,1187,false
true,true,1.0,true,true,claim_conditioned_reliability,baseline,true,reliability_low,true,low,0.2,64,1,direct_support,low,true,low,low,1,1,false,true,v0-family-001,true,1034,4024cb346b0ff673e3cce1c1,hf/Qwen/Qwen3-14B,118,true,false,true,true,0.2,true,,true,0.0,qwen3_14b_parser_v3,4.055,1152,false
true,true,1.0,true,true,user_endorsement,baseline,true,user_endorsed,true,low,0.8,64,1,direct_support,low,true,low,low,1,1,true,true,v0-family-001,true,1034,50b9c17fba2bee318bf0da52,hf/Qwen/Qwen3-14B,130,true,false,true,true,0.8,true,,true,0.0,qwen3_14b_parser_v3,4.053,1164,false
true,true,0.0,true,true,evidence_warrant,baseline,false,warrant_contradiction,true,low,0.8,64,1,contradiction,low,true,low,low,1,1,false,true,v0-family-001,true,1034,07ce718334341c3c8bd3385d,hf/Qwen/Qwen3-14B,127,true,false,false,true,0.8,true,,true,0.0,qwen3_14b_parser_v3,6.084,1161,false
true,true,0.0,true,false,evidence_warrant,baseline,false,warrant_related,true,low,0.8,64,1,related_only,low,true,low,low,1,1,false,false,v0-family-001,true,1032,ad4d2f9511110a3d110385e6,hf/Qwen/Qwen3-14B,106,true,false,false,true,0.8,true,,true,0.0,qwen3_14b_parser_v3,5.067,1138,false
true,true,1.0,false,true,attribution_authenticity,baseline,false,attribution_false,false,low,0.8,64,1,direct_support,low,true,low,low,1,1,false,true,v0-family-002,false,1039,195cb0cf7072210967a1643d,hf/Qwen/Qwen3-14B,135,true,false,true,true,0.8,true,,true,0.0,qwen3_14b_parser_v3,6.084,1174,false
true,true,1.0,false,true,authority_style,baseline,false,authority_high,true,high,0.8,64,1,direct_support,low,true,low,low,1,1,false,true,v0-family-002,false,1045,719bf7dd1908ffe14d0cbb82,hf/Qwen/Qwen3-14B,127,true,false,true,true,0.8,true,,true,0.0,qwen3_14b_parser_v3,6.084,1172,false
true,true,1.0,false,true,,,false,baseline,true,low,0.8,64,1,direct_support,low,true,low,low,1,1,false,true,v0-family-002,false,1039,acb690a4f5841dcdf27d282a,hf/Qwen/Qwen3-14B,127,true,false,true,true,0.8,true,,true,0.0,qwen3_14b_parser_v3,4.064,1166,false
true,true,1.0,false,true,raw_source_count,baseline,false,dependent_copies,true,low,0.8,64,1,direct_support,low,true,low,low,4,1,false,true,v0-family-002,false,1540,19f7729a27e7225e808b0a4d,hf/Qwen/Qwen3-14B,128,true,false,true,true,0.8,true,,true,0.0,qwen3_14b_parser_v3,4.061,1668,false
true,true,1.0,false,true,document_length,baseline,false,document_long,true,low,0.8,128,1,direct_support,low,true,low,low,1,1,false,true,v0-family-002,false,1115,d93458e2f9dea8d64ac62df3,hf/Qwen/Qwen3-14B,127,true,false,true,true,0.8,true,,true,0.0,qwen3_14b_parser_v3,4.053,1242,false
true,true,1.0,false,true,familiarity,baseline,false,familiarity_high,true,low,0.8,64,1,direct_support,high,true,low,low,1,1,false,true,v0-family-002,false,1039,7a096c104250b837e9bdd30f,hf/Qwen/Qwen3-14B,127,true,false,true,true,0.8,true,,true,0.0,qwen3_14b_parser_v3,4.054,1166,false
true,true,1.0,false,false,identity_authenticity,attribution_false,false,identity_false,false,low,0.8,64,1,direct_support,low,false,low,low,1,1,false,false,v0-family-002,false,1039,a8866a9ce0de22a843f60667,hf/Qwen/Qwen3-14B,118,true,false,true,true,0.8,true,,true,0.0,qwen3_14b_parser_v3,5.073,1157,false
true,true,1.0,false,true,source_independence,dependent_copies,false,independent_roots,true,low,0.8,64,1,direct_support,low,true,low,low,4,4,false,true,v0-family-002,false,1540,355a192a185ee8147e40a156,hf/Qwen/Qwen3-14B,118,true,false,true,true,0.8,true,,true,0.0,qwen3_14b_parser_v3,5.072,1658,false
true,true,1.0,false,true,popularity,baseline,false,popularity_high,true,low,0.8,64,1,direct_support,low,true,high,low,1,1,false,true,v0-family-002,false,1039,5dfbe242e2c95d2d22510ca2,hf/Qwen/Qwen3-14B,127,true,false,true,true,0.8,true,,true,0.0,qwen3_14b_parser_v3,5.069,1166,false
true,true,1.0,false,true,document_position,baseline,false,position_late,true,low,0.8,64,3,direct_support,low,true,low,low,1,1,false,true,v0-family-002,false,1040,8233ea25b0c1839e479fa325,hf/Qwen/Qwen3-14B,127,true,false,true,true,0.8,true,,true,0.0,qwen3_14b_parser_v3,4.052,1167,false
true,true,1.0,false,true,precision_detail,baseline,false,precision_high,true,low,0.8,64,1,direct_support,low,true,low,high,1,1,false,true,v0-family-002,false,1064,20c1c4edaca67fd599026b85,hf/Qwen/Qwen3-14B,127,true,false,true,true,0.8,true,,true,0.0,qwen3_14b_parser_v3,6.074,1191,false
true,true,1.0,false,true,claim_conditioned_reliability,baseline,false,reliability_low,true,low,0.2,64,1,direct_support,low,true,low,low,1,1,false,true,v0-family-002,false,1039,c1dc026b41f24eddc111ceac,hf/Qwen/Qwen3-14B,127,true,false,true,true,0.2,true,,true,0.0,qwen3_14b_parser_v3,4.063,1166,false
true,true,1.0,false,true,user_endorsement,baseline,false,user_endorsed,true,low,0.8,64,1,direct_support,low,true,low,low,1,1,true,true,v0-family-002,false,1039,4eab53a7549b44cbf4f51b30,hf/Qwen/Qwen3-14B,130,true,false,true,true,0.8,true,,true,0.0,qwen3_14b_parser_v3,6.073,1169,false
true,true,0.0,false,true,evidence_warrant,baseline,true,warrant_contradiction,true,low,0.8,64,1,contradiction,low,true,low,low,1,1,false,true,v0-family-002,false,1039,917dc32affb15081872079b4,hf/Qwen/Qwen3-14B,127,true,false,false,true,0.8,true,,true,0.0,qwen3_14b_parser_v3,4.057,1166,false
true,true,0.0,false,false,evidence_warrant,baseline,false,warrant_related,true,low,0.8,64,1,related_only,low,true,low,low,1,1,false,false,v0-family-002,false,1037,f3b1540bf2cdccd3fd630d16,hf/Qwen/Qwen3-14B,80,true,true,,true,0.0,true,,true,0.0,qwen3_14b_parser_v3,4.062,1117,false
false,true,1.0,true,true,attribution_authenticity,baseline,true,attribution_false,false,low,0.8,64,1,direct_support,low,true,low,low,1,1,false,true,v0-family-003,false,1036,ecc6a04820049fd2c7a90f1b,hf/Qwen/Qwen3-14B,118,true,false,false,true,0.8,true,,true,0.0,qwen3_14b_parser_v3,4.055,1154,false
false,true,1.0,true,true,authority_style,baseline,true,authority_high,true,high,0.8,64,1,direct_support,low,true,low,low,1,1,false,true,v0-family-003,false,1040,e0b0fd661eefe4a47ad68775,hf/Qwen/Qwen3-14B,127,true,false,false,true,0.8,true,,true,0.0,qwen3_14b_parser_v3,4.062,1167,false
false,true,1.0,true,true,,,true,baseline,true,low,0.8,64,1,direct_support,low,true,low,low,1,1,false,true,v0-family-003,false,1036,5d7e4babbd30784249f51bfe,hf/Qwen/Qwen3-14B,127,true,false,false,true,0.8,true,,true,0.0,qwen3_14b_parser_v3,5.068,1163,false
false,true,1.0,true,true,raw_source_count,baseline,true,dependent_copies,true,low,0.8,64,1,direct_support,low,true,low,low,4,1,false,true,v0-family-003,false,1534,74c958aca126881bd52ad91f,hf/Qwen/Qwen3-14B,128,true,false,false,true,0.8,true,,true,0.0,qwen3_14b_parser_v3,6.079,1662,false
false,true,1.0,true,true,document_length,baseline,true,document_long,true,low,0.8,128,1,direct_support,low,true,low,low,1,1,false,true,v0-family-003,false,1112,33b32bf9659c8c9c5cc1a986,hf/Qwen/Qwen3-14B,127,true,false,false,true,0.8,true,,true,0.0,qwen3_14b_parser_v3,6.073,1239,false
false,true,1.0,true,true,familiarity,baseline,true,familiarity_high,true,low,0.8,64,1,direct_support,high,true,low,low,1,1,false,true,v0-family-003,false,1036,02c8b2cbbdc7d7e0f522359b,hf/Qwen/Qwen3-14B,127,true,false,false,true,0.8,true,,true,0.0,qwen3_14b_parser_v3,6.072,1163,false
false,true,1.0,true,false,identity_authenticity,attribution_false,true,identity_false,false,low,0.8,64,1,direct_support,low,false,low,low,1,1,false,false,v0-family-003,false,1036,11fdb77ef06e1ec51bfb9e2f,hf/Qwen/Qwen3-14B,118,true,false,false,true,0.8,true,,true,0.0,qwen3_14b_parser_v3,3.041,1154,false
false,true,1.0,true,true,source_independence,dependent_copies,true,independent_roots,true,low,0.8,64,1,direct_support,low,true,low,low,4,4,false,true,v0-family-003,false,1534,5d33f0ddb7b94567b2d8294a,hf/Qwen/Qwen3-14B,128,true,false,false,true,0.8,true,,true,0.0,qwen3_14b_parser_v3,5.072,1662,false
false,true,1.0,true,true,popularity,baseline,true,popularity_high,true,low,0.8,64,1,direct_support,low,true,high,low,1,1,false,true,v0-family-003,false,1036,60591a06680ff47cf24a7c99,hf/Qwen/Qwen3-14B,127,true,false,false,true,0.8,true,,true,0.0,qwen3_14b_parser_v3,5.074,1163,false
false,true,1.0,true,true,document_position,baseline,true,position_late,true,low,0.8,64,3,direct_support,low,true,low,low,1,1,false,true,v0-family-003,false,1037,4673d22b75a405420bda2bb1,hf/Qwen/Qwen3-14B,127,true,false,false,true,0.8,true,,true,0.0,qwen3_14b_parser_v3,4.054,1164,false
false,true,1.0,true,true,precision_detail,baseline,true,precision_high,true,low,0.8,64,1,direct_support,low,true,low,high,1,1,false,true,v0-family-003,false,1059,29ee6188f48dd172896b3d27,hf/Qwen/Qwen3-14B,127,true,false,false,true,0.8,true,,true,0.0,qwen3_14b_parser_v3,5.07,1186,false
false,true,1.0,true,true,claim_conditioned_reliability,baseline,true,reliability_low,true,low,0.2,64,1,direct_support,low,true,low,low,1,1,false,true,v0-family-003,false,1036,bcca9a9d504a7066d7d44054,hf/Qwen/Qwen3-14B,127,true,false,false,true,0.2,true,,true,0.0,qwen3_14b_parser_v3,6.085,1163,false
false,true,1.0,true,true,user_endorsement,baseline,true,user_endorsed,true,low,0.8,64,1,direct_support,low,true,low,low,1,1,true,true,v0-family-003,false,1036,4ee89be724663f7554d5f834,hf/Qwen/Qwen3-14B,127,true,false,false,true,0.8,true,,true,0.0,qwen3_14b_parser_v3,4.059,1163,false
false,true,1.0,true,true,evidence_warrant,baseline,true,warrant_contradiction,true,low,0.8,64,1,contradiction,low,true,low,low,1,1,false,true,v0-family-003,false,1036,f58ef65d22a219a00d83f574,hf/Qwen/Qwen3-14B,127,true,false,false,true,0.8,true,,true,0.0,qwen3_14b_parser_v3,5.064,1163,false
false,true,1.0,true,true,evidence_warrant,baseline,true,warrant_related,true,low,0.8,64,1,related_only,low,true,low,low,1,1,false,true,v0-family-003,false,1034,114961863099af6692317655,hf/Qwen/Qwen3-14B,106,true,false,false,true,0.8,true,,true,0.0,qwen3_14b_parser_v3,3.043,1140,false
false,true,1.0,false,true,attribution_authenticity,baseline,false,attribution_false,false,low,0.8,64,1,direct_support,low,true,low,low,1,1,false,true,v0-family-004,true,1036,53f1a115f461c354ac7aa872,hf/Qwen/Qwen3-14B,118,true,false,false,true,0.8,true,,true,0.0,qwen3_14b_parser_v3,3.043,1154,false
false,true,1.0,false,true,authority_style,baseline,false,authority_high,true,high,0.8,64,1,direct_support,low,true,low,low,1,1,false,true,v0-family-004,true,1040,cd0a2bb19de758e70b062e33,hf/Qwen/Qwen3-14B,127,true,false,false,true,0.8,true,,true,0.0,qwen3_14b_parser_v3,6.086,1167,false
false,true,1.0,false,true,,,false,baseline,true,low,0.8,64,1,direct_support,low,true,low,low,1,1,false,true,v0-family-004,true,1036,410392ca8678d4b09c3aa710,hf/Qwen/Qwen3-14B,127,true,false,false,true,0.8,true,,true,0.0,qwen3_14b_parser_v3,6.084,1163,false
false,true,1.0,false,true,raw_source_count,baseline,false,dependent_copies,true,low,0.8,64,1,direct_support,low,true,low,low,4,1,false,true,v0-family-004,true,1534,7c64e4634736880c59285551,hf/Qwen/Qwen3-14B,128,true,false,false,true,0.8,true,,true,0.0,qwen3_14b_parser_v3,4.063,1662,false
false,true,1.0,false,true,document_length,baseline,false,document_long,true,low,0.8,128,1,direct_support,low,true,low,low,1,1,false,true,v0-family-004,true,1112,1a6829882fc3928d10d67cdf,hf/Qwen/Qwen3-14B,127,true,false,false,true,0.8,true,,true,0.0,qwen3_14b_parser_v3,5.072,1239,false
false,true,1.0,false,true,familiarity,baseline,false,familiarity_high,true,low,0.8,64,1,direct_support,high,true,low,low,1,1,false,true,v0-family-004,true,1036,d8a8a4cb5f8b780364039fdb,hf/Qwen/Qwen3-14B,127,true,false,false,true,0.8,true,,true,0.0,qwen3_14b_parser_v3,4.063,1163,false
false,true,1.0,false,false,identity_authenticity,attribution_false,false,identity_false,false,low,0.8,64,1,direct_support,low,false,low,low,1,1,false,false,v0-family-004,true,1036,c520d6e93d6f6ef6851514ab,hf/Qwen/Qwen3-14B,118,true,false,false,true,0.8,true,,true,0.0,qwen3_14b_parser_v3,5.064,1154,false
false,true,1.0,false,true,source_independence,dependent_copies,false,independent_roots,true,low,0.8,64,1,direct_support,low,true,low,low,4,4,false,true,v0-family-004,true,1534,f04778ece484c6c4da677eff,hf/Qwen/Qwen3-14B,128,true,false,false,true,0.8,true,,true,0.0,qwen3_14b_parser_v3,4.063,1662,false
false,true,1.0,false,true,popularity,baseline,false,popularity_high,true,low,0.8,64,1,direct_support,low,true,high,low,1,1,false,true,v0-family-004,true,1036,af1e3164721d2ad0b01a2914,hf/Qwen/Qwen3-14B,127,true,false,false,true,0.8,true,,true,0.0,qwen3_14b_parser_v3,6.084,1163,false
false,true,1.0,false,true,document_position,baseline,false,position_late,true,low,0.8,64,3,direct_support,low,true,low,low,1,1,false,true,v0-family-004,true,1037,6afd78bf7294e7612be6b731,hf/Qwen/Qwen3-14B,127,true,false,false,true,0.8,true,,true,0.0,qwen3_14b_parser_v3,6.085,1164,false
false,true,1.0,false,true,precision_detail,baseline,false,precision_high,true,low,0.8,64,1,direct_support,low,true,low,high,1,1,false,true,v0-family-004,true,1060,7c01b88f9481e15231976f1f,hf/Qwen/Qwen3-14B,127,true,false,false,true,0.8,true,,true,0.0,qwen3_14b_parser_v3,4.063,1187,false
false,true,1.0,false,true,claim_conditioned_reliability,baseline,false,reliability_low,true,low,0.2,64,1,direct_support,low,true,low,low,1,1,false,true,v0-family-004,true,1036,4d0defde7235362042cd2ad7,hf/Qwen/Qwen3-14B,127,true,false,false,true,0.2,true,,true,0.0,qwen3_14b_parser_v3,4.059,1163,false
false,true,1.0,false,true,user_endorsement,baseline,false,user_endorsed,true,low,0.8,64,1,direct_support,low,true,low,low,1,1,true,true,v0-family-004,true,1036,10cb7204148c57e0160b3c20,hf/Qwen/Qwen3-14B,127,true,false,false,true,0.8,true,,true,0.0,qwen3_14b_parser_v3,5.072,1163,false
false,true,1.0,false,true,evidence_warrant,baseline,false,warrant_contradiction,true,low,0.8,64,1,contradiction,low,true,low,low,1,1,false,true,v0-family-004,true,1036,87f373b784f51fd016ef4655,hf/Qwen/Qwen3-14B,127,true,false,false,true,0.8,true,,true,0.0,qwen3_14b_parser_v3,5.069,1163,false
false,true,1.0,false,true,evidence_warrant,baseline,false,warrant_related,true,low,0.8,64,1,related_only,low,true,low,low,1,1,false,true,v0-family-004,true,1034,05d2381eb68ef1e2913ddc44,hf/Qwen/Qwen3-14B,106,true,false,false,true,0.8,true,,true,0.0,qwen3_14b_parser_v3,5.062,1140,false
true,true,1.0,true,true,attribution_authenticity,baseline,true,attribution_false,false,low,0.8,64,1,direct_support,low,true,low,low,1,1,false,true,v0-family-005,true,1034,3292505bf30828dac8ed67b4,hf/Qwen/Qwen3-14B,118,true,false,true,true,0.8,true,,true,0.0,qwen3_14b_parser_v3,5.073,1152,false
true,true,1.0,true,true,authority_style,baseline,true,authority_high,true,high,0.8,64,1,direct_support,low,true,low,low,1,1,false,true,v0-family-005,true,1040,ba62bc1deab5fbdbdf7379b6,hf/Qwen/Qwen3-14B,127,true,false,true,true,0.8,true,,true,0.0,qwen3_14b_parser_v3,5.064,1167,false
true,true,1.0,true,true,,,true,baseline,true,low,0.8,64,1,direct_support,low,true,low,low,1,1,false,true,v0-family-005,true,1034,f655f249e553e430044f0383,hf/Qwen/Qwen3-14B,127,true,false,true,true,0.8,true,,true,0.0,qwen3_14b_parser_v3,4.058,1161,false
true,true,1.0,true,true,raw_source_count,baseline,true,dependent_copies,true,low,0.8,64,1,direct_support,low,true,low,low,4,1,false,true,v0-family-005,true,1532,4d2c0b3d2f5c23a3662f05df,hf/Qwen/Qwen3-14B,128,true,false,true,true,0.8,true,,true,0.0,qwen3_14b_parser_v3,6.081,1660,false
true,true,1.0,true,true,document_length,baseline,true,document_long,true,low,0.8,128,1,direct_support,low,true,low,low,1,1,false,true,v0-family-005,true,1110,f3054294b125c0346969ce3b,hf/Qwen/Qwen3-14B,127,true,false,true,true,0.8,true,,true,0.0,qwen3_14b_parser_v3,6.085,1237,false
true,true,1.0,true,true,familiarity,baseline,true,familiarity_high,true,low,0.8,64,1,direct_support,high,true,low,low,1,1,false,true,v0-family-005,true,1034,b18f5477c10c2c013d19d81b,hf/Qwen/Qwen3-14B,127,true,false,true,true,0.8,true,,true,0.0,qwen3_14b_parser_v3,6.077,1161,false
true,true,1.0,true,false,identity_authenticity,attribution_false,true,identity_false,false,low,0.8,64,1,direct_support,low,false,low,low,1,1,false,false,v0-family-005,true,1034,ae95f4f571835189958ec0d0,hf/Qwen/Qwen3-14B,118,true,false,true,true,0.8,true,,true,0.0,qwen3_14b_parser_v3,5.074,1152,false
true,true,1.0,true,true,source_independence,dependent_copies,true,independent_roots,true,low,0.8,64,1,direct_support,low,true,low,low,4,4,false,true,v0-family-005,true,1532,c7cd4d6a132629c9b0b5e797,hf/Qwen/Qwen3-14B,118,true,false,true,true,0.8,true,,true,0.0,qwen3_14b_parser_v3,5.062,1650,false
true,true,1.0,true,true,popularity,baseline,true,popularity_high,true,low,0.8,64,1,direct_support,low,true,high,low,1,1,false,true,v0-family-005,true,1034,20e9accd9718992910f5d759,hf/Qwen/Qwen3-14B,127,true,false,true,true,0.8,true,,true,0.0,qwen3_14b_parser_v3,4.058,1161,false
true,true,1.0,true,true,document_position,baseline,true,position_late,true,low,0.8,64,3,direct_support,low,true,low,low,1,1,false,true,v0-family-005,true,1035,b7b1ce82fb7fbd704ed339f7,hf/Qwen/Qwen3-14B,127,true,false,true,true,0.8,true,,true,0.0,qwen3_14b_parser_v3,4.063,1162,false
true,true,1.0,true,true,precision_detail,baseline,true,precision_high,true,low,0.8,64,1,direct_support,low,true,low,high,1,1,false,true,v0-family-005,true,1060,7157c8300687cbfa0bc4bfc9,hf/Qwen/Qwen3-14B,127,true,false,true,true,0.8,true,,true,0.0,qwen3_14b_parser_v3,6.085,1187,false
true,true,1.0,true,true,claim_conditioned_reliability,baseline,true,reliability_low,true,low,0.2,64,1,direct_support,low,true,low,low,1,1,false,true,v0-family-005,true,1034,64f90b58e53d75a9d1f25af5,hf/Qwen/Qwen3-14B,127,true,false,true,true,0.2,true,,true,0.0,qwen3_14b_parser_v3,5.077,1161,false
true,true,1.0,true,true,user_endorsement,baseline,true,user_endorsed,true,low,0.8,64,1,direct_support,low,true,low,low,1,1,true,true,v0-family-005,true,1034,1c6794bfe1a0e584287ff894,hf/Qwen/Qwen3-14B,130,true,false,true,true,0.8,true,,true,0.0,qwen3_14b_parser_v3,4.06,1164,false
true,true,0.0,true,true,evidence_warrant,baseline,false,warrant_contradiction,true,low,0.8,64,1,contradiction,low,true,low,low,1,1,false,true,v0-family-005,true,1034,36149351b6e09e8fba3dc17c,hf/Qwen/Qwen3-14B,127,true,false,false,true,0.8,true,,true,0.0,qwen3_14b_parser_v3,4.061,1161,false
true,true,0.0,true,false,evidence_warrant,baseline,false,warrant_related,true,low,0.8,64,1,related_only,low,true,low,low,1,1,false,false,v0-family-005,true,1032,6de52ced652c8b5f426a60ec,hf/Qwen/Qwen3-14B,106,true,false,false,true,0.8,true,,true,0.0,qwen3_14b_parser_v3,3.051,1138,false
true,true,1.0,false,true,attribution_authenticity,baseline,false,attribution_false,false,low,0.8,64,1,direct_support,low,true,low,low,1,1,false,true,v0-family-006,false,1039,7343797bc596a8066ea7a0ee,hf/Qwen/Qwen3-14B,118,true,false,true,true,0.8,true,,true,0.0,qwen3_14b_parser_v3,3.052,1157,false
true,true,1.0,false,true,authority_style,baseline,false,authority_high,true,high,0.8,64,1,direct_support,low,true,low,low,1,1,false,true,v0-family-006,false,1045,2f1f21dee974cad004d48e67,hf/Qwen/Qwen3-14B,127,true,false,true,true,0.8,true,,true,0.0,qwen3_14b_parser_v3,5.072,1172,false
true,true,1.0,false,true,,,false,baseline,true,low,0.8,64,1,direct_support,low,true,low,low,1,1,false,true,v0-family-006,false,1039,da310f3341d3f9c8d9e73e84,hf/Qwen/Qwen3-14B,127,true,false,true,true,0.8,true,,true,0.0,qwen3_14b_parser_v3,6.086,1166,false
true,true,1.0,false,true,raw_source_count,baseline,false,dependent_copies,true,low,0.8,64,1,direct_support,low,true,low,low,4,1,false,true,v0-family-006,false,1540,0a1f7b8c627a1fc23bf1413a,hf/Qwen/Qwen3-14B,128,true,false,true,true,0.8,true,,true,0.0,qwen3_14b_parser_v3,4.055,1668,false
true,true,1.0,false,true,document_length,baseline,false,document_long,true,low,0.8,128,1,direct_support,low,true,low,low,1,1,false,true,v0-family-006,false,1115,0a9c0e1215731217cffb5ab1,hf/Qwen/Qwen3-14B,127,true,false,true,true,0.8,true,,true,0.0,qwen3_14b_parser_v3,6.085,1242,false
true,true,1.0,false,true,familiarity,baseline,false,familiarity_high,true,low,0.8,64,1,direct_support,high,true,low,low,1,1,false,true,v0-family-006,false,1039,6713dec70d2af52373355bb2,hf/Qwen/Qwen3-14B,127,true,false,true,true,0.8,true,,true,0.0,qwen3_14b_parser_v3,5.074,1166,false
true,true,1.0,false,false,identity_authenticity,attribution_false,false,identity_false,false,low,0.8,64,1,direct_support,low,false,low,low,1,1,false,false,v0-family-006,false,1039,f4eb136e84f3bb3d94b128d6,hf/Qwen/Qwen3-14B,118,true,false,true,true,0.8,true,,true,0.0,qwen3_14b_parser_v3,5.078,1157,false
true,true,1.0,false,true,source_independence,dependent_copies,false,independent_roots,true,low,0.8,64,1,direct_support,low,true,low,low,4,4,false,true,v0-family-006,false,1540,f464b1aaf328c343cda8508c,hf/Qwen/Qwen3-14B,127,true,false,true,true,0.8,true,,true,0.0,qwen3_14b_parser_v3,4.054,1667,false
true,true,1.0,false,true,popularity,baseline,false,popularity_high,true,low,0.8,64,1,direct_support,low,true,high,low,1,1,false,true,v0-family-006,false,1039,d42e63f3a5e05707bbcba6d6,hf/Qwen/Qwen3-14B,127,true,false,true,true,0.8,true,,true,0.0,qwen3_14b_parser_v3,6.085,1166,false
true,true,1.0,false,true,document_position,baseline,false,position_late,true,low,0.8,64,3,direct_support,low,true,low,low,1,1,false,true,v0-family-006,false,1040,10a0c8db3292d618803932ef,hf/Qwen/Qwen3-14B,127,true,false,true,true,0.8,true,,true,0.0,qwen3_14b_parser_v3,6.085,1167,false
true,true,1.0,false,true,precision_detail,baseline,false,precision_high,true,low,0.8,64,1,direct_support,low,true,low,high,1,1,false,true,v0-family-006,false,1064,f7976c4d4eb401069993bab6,hf/Qwen/Qwen3-14B,127,true,false,true,true,0.8,true,,true,0.0,qwen3_14b_parser_v3,4.064,1191,false
true,true,1.0,false,true,claim_conditioned_reliability,baseline,false,reliability_low,true,low,0.2,64,1,direct_support,low,true,low,low,1,1,false,true,v0-family-006,false,1039,47620e0b421fd553acd72f5f,hf/Qwen/Qwen3-14B,127,true,false,true,true,0.2,true,,true,0.0,qwen3_14b_parser_v3,4.063,1166,false
true,true,1.0,false,true,user_endorsement,baseline,false,user_endorsed,true,low,0.8,64,1,direct_support,low,true,low,low,1,1,true,true,v0-family-006,false,1039,d9ee9f437cf9d7185fdc1fe6,hf/Qwen/Qwen3-14B,130,true,false,true,true,0.8,true,,true,0.0,qwen3_14b_parser_v3,4.063,1169,false
true,true,0.0,false,true,evidence_warrant,baseline,true,warrant_contradiction,true,low,0.8,64,1,contradiction,low,true,low,low,1,1,false,true,v0-family-006,false,1039,702801e6566ef34ad037bd34,hf/Qwen/Qwen3-14B,127,true,false,false,true,0.8,true,,true,0.0,qwen3_14b_parser_v3,5.069,1166,false
true,true,0.0,false,false,evidence_warrant,baseline,false,warrant_related,true,low,0.8,64,1,related_only,low,true,low,low,1,1,false,false,v0-family-006,false,1037,04a91f0bdea44e397f4548fc,hf/Qwen/Qwen3-14B,80,true,true,,true,0.0,true,,true,0.0,qwen3_14b_parser_v3,4.064,1117,false
false,true,1.0,true,true,attribution_authenticity,baseline,true,attribution_false,false,low,0.8,64,1,direct_support,low,true,low,low,1,1,false,true,v0-family-007,false,1036,e671277a42d06d3296cf930a,hf/Qwen/Qwen3-14B,118,true,false,false,true,0.8,true,,true,0.0,qwen3_14b_parser_v3,5.074,1154,false
false,true,1.0,true,true,authority_style,baseline,true,authority_high,true,high,0.8,64,1,direct_support,low,true,low,low,1,1,false,true,v0-family-007,false,1040,55312e70bea8c3bae61cb84e,hf/Qwen/Qwen3-14B,127,true,false,false,true,0.8,true,,true,0.0,qwen3_14b_parser_v3,6.086,1167,false
false,true,1.0,true,true,,,true,baseline,true,low,0.8,64,1,direct_support,low,true,low,low,1,1,false,true,v0-family-007,false,1036,5ab05274e1178fa7142b2ee5,hf/Qwen/Qwen3-14B,127,true,false,false,true,0.8,true,,true,0.0,qwen3_14b_parser_v3,4.061,1163,false
false,true,1.0,true,true,raw_source_count,baseline,true,dependent_copies,true,low,0.8,64,1,direct_support,low,true,low,low,4,1,false,true,v0-family-007,false,1534,f8b06e8baaabe42a3e7d9652,hf/Qwen/Qwen3-14B,128,true,false,false,true,0.8,true,,true,0.0,qwen3_14b_parser_v3,4.063,1662,false
false,true,1.0,true,true,document_length,baseline,true,document_long,true,low,0.8,128,1,direct_support,low,true,low,low,1,1,false,true,v0-family-007,false,1112,586b3ef8767fac33d9d2a872,hf/Qwen/Qwen3-14B,127,true,false,false,true,0.8,true,,true,0.0,qwen3_14b_parser_v3,4.064,1239,false
false,true,1.0,true,true,familiarity,baseline,true,familiarity_high,true,low,0.8,64,1,direct_support,high,true,low,low,1,1,false,true,v0-family-007,false,1036,05d9078e0e738fe7b228d0e3,hf/Qwen/Qwen3-14B,127,true,false,false,true,0.8,true,,true,0.0,qwen3_14b_parser_v3,4.058,1163,false
false,true,1.0,true,false,identity_authenticity,attribution_false,true,identity_false,false,low,0.8,64,1,direct_support,low,false,low,low,1,1,false,false,v0-family-007,false,1036,7ed30ab23aec6bccd8d92a03,hf/Qwen/Qwen3-14B,118,true,false,false,true,0.8,true,,true,0.0,qwen3_14b_parser_v3,5.073,1154,false
false,true,1.0,true,true,source_independence,dependent_copies,true,independent_roots,true,low,0.8,64,1,direct_support,low,true,low,low,4,4,false,true,v0-family-007,false,1534,0e723640fa26f378d2aeadb4,hf/Qwen/Qwen3-14B,128,true,false,false,true,0.8,true,,true,0.0,qwen3_14b_parser_v3,6.083,1662,false
false,true,1.0,true,true,popularity,baseline,true,popularity_high,true,low,0.8,64,1,direct_support,low,true,high,low,1,1,false,true,v0-family-007,false,1036,4275b66f23d1ca9be5940ef2,hf/Qwen/Qwen3-14B,127,true,false,false,true,0.8,true,,true,0.0,qwen3_14b_parser_v3,4.061,1163,false
false,true,1.0,true,true,document_position,baseline,true,position_late,true,low,0.8,64,3,direct_support,low,true,low,low,1,1,false,true,v0-family-007,false,1037,d3f642ac5c76f8fbda1437dc,hf/Qwen/Qwen3-14B,127,true,false,false,true,0.8,true,,true,0.0,qwen3_14b_parser_v3,5.075,1164,false
false,true,1.0,true,true,precision_detail,baseline,true,precision_high,true,low,0.8,64,1,direct_support,low,true,low,high,1,1,false,true,v0-family-007,false,1059,5eec0838b7cf42abcc295aae,hf/Qwen/Qwen3-14B,127,true,false,false,true,0.8,true,,true,0.0,qwen3_14b_parser_v3,5.074,1186,false
false,true,1.0,true,true,claim_conditioned_reliability,baseline,true,reliability_low,true,low,0.2,64,1,direct_support,low,true,low,low,1,1,false,true,v0-family-007,false,1036,8572e32869d44f73bac354eb,hf/Qwen/Qwen3-14B,127,true,false,false,true,0.2,true,,true,0.0,qwen3_14b_parser_v3,4.064,1163,false
false,true,1.0,true,true,user_endorsement,baseline,true,user_endorsed,true,low,0.8,64,1,direct_support,low,true,low,low,1,1,true,true,v0-family-007,false,1036,9ab36fa46bcfad02bb9b1532,hf/Qwen/Qwen3-14B,127,true,false,false,true,0.8,true,,true,0.0,qwen3_14b_parser_v3,6.087,1163,false
false,true,1.0,true,true,evidence_warrant,baseline,true,warrant_contradiction,true,low,0.8,64,1,contradiction,low,true,low,low,1,1,false,true,v0-family-007,false,1036,fdb8af990c9c61926176cd2c,hf/Qwen/Qwen3-14B,127,true,false,false,true,0.8,true,,true,0.0,qwen3_14b_parser_v3,4.064,1163,false
false,true,1.0,true,true,evidence_warrant,baseline,true,warrant_related,true,low,0.8,64,1,related_only,low,true,low,low,1,1,false,true,v0-family-007,false,1034,edc95ad42458122a82226ba2,hf/Qwen/Qwen3-14B,106,true,false,false,true,0.8,true,,true,0.0,qwen3_14b_parser_v3,5.074,1140,false
false,true,1.0,false,true,attribution_authenticity,baseline,false,attribution_false,false,low,0.8,64,1,direct_support,low,true,low,low,1,1,false,true,v0-family-008,true,1036,743fff5c3aa2248072dd7b0f,hf/Qwen/Qwen3-14B,118,true,false,false,true,0.8,true,,true,0.0,qwen3_14b_parser_v3,5.076,1154,false
false,true,1.0,false,true,authority_style,baseline,false,authority_high,true,high,0.8,64,1,direct_support,low,true,low,low,1,1,false,true,v0-family-008,true,1040,ad88053f551b0fc25090b75b,hf/Qwen/Qwen3-14B,127,true,false,false,true,0.8,true,,true,0.0,qwen3_14b_parser_v3,4.063,1167,false
false,true,1.0,false,true,,,false,baseline,true,low,0.8,64,1,direct_support,low,true,low,low,1,1,false,true,v0-family-008,true,1036,f80d5496b2014b53a3c2452c,hf/Qwen/Qwen3-14B,127,true,false,false,true,0.8,true,,true,0.0,qwen3_14b_parser_v3,4.063,1163,false
false,true,1.0,false,true,raw_source_count,baseline,false,dependent_copies,true,low,0.8,64,1,direct_support,low,true,low,low,4,1,false,true,v0-family-008,true,1534,0a4b23caf833ee9fe2c1a21f,hf/Qwen/Qwen3-14B,128,true,false,false,true,0.8,true,,true,0.0,qwen3_14b_parser_v3,6.084,1662,false
false,true,1.0,false,true,document_length,baseline,false,document_long,true,low,0.8,128,1,direct_support,low,true,low,low,1,1,false,true,v0-family-008,true,1112,0cc816d3c3fe0cc488e05a6c,hf/Qwen/Qwen3-14B,127,true,false,false,true,0.8,true,,true,0.0,qwen3_14b_parser_v3,4.062,1239,false
false,true,1.0,false,true,familiarity,baseline,false,familiarity_high,true,low,0.8,64,1,direct_support,high,true,low,low,1,1,false,true,v0-family-008,true,1036,dda888903c14ecdc8aa4fa51,hf/Qwen/Qwen3-14B,127,true,false,false,true,0.8,true,,true,0.0,qwen3_14b_parser_v3,5.071,1163,false
false,true,1.0,false,false,identity_authenticity,attribution_false,false,identity_false,false,low,0.8,64,1,direct_support,low,false,low,low,1,1,false,false,v0-family-008,true,1036,e85b81e510bb2276a5992cb8,hf/Qwen/Qwen3-14B,118,true,false,false,true,0.8,true,,true,0.0,qwen3_14b_parser_v3,3.051,1154,false
false,true,1.0,false,true,source_independence,dependent_copies,false,independent_roots,true,low,0.8,64,1,direct_support,low,true,low,low,4,4,false,true,v0-family-008,true,1534,6aa8f816637cbd4d4e3f1cd5,hf/Qwen/Qwen3-14B,128,true,false,false,true,0.8,true,,true,0.0,qwen3_14b_parser_v3,6.085,1662,false
false,true,1.0,false,true,popularity,baseline,false,popularity_high,true,low,0.8,64,1,direct_support,low,true,high,low,1,1,false,true,v0-family-008,true,1036,63a84e7d01cf66f3f8c18303,hf/Qwen/Qwen3-14B,127,true,false,false,true,0.8,true,,true,0.0,qwen3_14b_parser_v3,4.062,1163,false
false,true,1.0,false,true,document_position,baseline,false,position_late,true,low,0.8,64,3,direct_support,low,true,low,low,1,1,false,true,v0-family-008,true,1037,1d4691e33397b5bef4dac0cc,hf/Qwen/Qwen3-14B,127,true,false,false,true,0.8,true,,true,0.0,qwen3_14b_parser_v3,4.063,1164,false
false,true,1.0,false,true,precision_detail,baseline,false,precision_high,true,low,0.8,64,1,direct_support,low,true,low,high,1,1,false,true,v0-family-008,true,1056,fd72dcfc3926e5492a96ee10,hf/Qwen/Qwen3-14B,127,true,false,false,true,0.8,true,,true,0.0,qwen3_14b_parser_v3,6.079,1183,false
false,true,1.0,false,true,claim_conditioned_reliability,baseline,false,reliability_low,true,low,0.2,64,1,direct_support,low,true,low,low,1,1,false,true,v0-family-008,true,1036,5b6ba1a528bf6343792aa32c,hf/Qwen/Qwen3-14B,127,true,false,false,true,0.2,true,,true,0.0,qwen3_14b_parser_v3,6.085,1163,false
false,true,1.0,false,true,user_endorsement,baseline,false,user_endorsed,true,low,0.8,64,1,direct_support,low,true,low,low,1,1,true,true,v0-family-008,true,1036,e977ec36b92c66987c89ad64,hf/Qwen/Qwen3-14B,127,true,false,false,true,0.8,true,,true,0.0,qwen3_14b_parser_v3,5.073,1163,false
false,true,1.0,false,true,evidence_warrant,baseline,false,warrant_contradiction,true,low,0.8,64,1,contradiction,low,true,low,low,1,1,false,true,v0-family-008,true,1036,0cf7728d12a4be6ee130d626,hf/Qwen/Qwen3-14B,127,true,false,false,true,0.8,true,,true,0.0,qwen3_14b_parser_v3,4.06,1163,false
false,true,1.0,false,true,evidence_warrant,baseline,false,warrant_related,true,low,0.8,64,1,related_only,low,true,low,low,1,1,false,true,v0-family-008,true,1034,b2b09de233823c85319b875f,hf/Qwen/Qwen3-14B,106,true,false,false,true,0.8,true,,true,0.0,qwen3_14b_parser_v3,3.052,1140,false
true,true,1.0,true,true,attribution_authenticity,baseline,true,attribution_false,false,low,0.8,64,1,direct_support,low,true,low,low,1,1,false,true,v0-family-009,true,1039,c79cc4a774087554bb10bdc9,hf/Qwen/Qwen3-14B,118,true,false,true,true,0.8,true,,true,0.0,qwen3_14b_parser_v3,3.051,1157,false
true,true,1.0,true,true,authority_style,baseline,true,authority_high,true,high,0.8,64,1,direct_support,low,true,low,low,1,1,false,true,v0-family-009,true,1045,9622076cb7d081375a9240bc,hf/Qwen/Qwen3-14B,127,true,false,true,true,0.8,true,,true,0.0,qwen3_14b_parser_v3,4.061,1172,false
true,true,1.0,true,true,,,true,baseline,true,low,0.8,64,1,direct_support,low,true,low,low,1,1,false,true,v0-family-009,true,1039,37240011b72a77b7e4524b18,hf/Qwen/Qwen3-14B,127,true,false,true,true,0.8,true,,true,0.0,qwen3_14b_parser_v3,6.081,1166,false
true,true,1.0,true,true,raw_source_count,baseline,true,dependent_copies,true,low,0.8,64,1,direct_support,low,true,low,low,4,1,false,true,v0-family-009,true,1540,39051c75d4dd065d623e742a,hf/Qwen/Qwen3-14B,128,true,false,true,true,0.8,true,,true,0.0,qwen3_14b_parser_v3,6.081,1668,false
true,true,1.0,true,true,document_length,baseline,true,document_long,true,low,0.8,128,1,direct_support,low,true,low,low,1,1,false,true,v0-family-009,true,1115,7c9fa420fe7b72946840babc,hf/Qwen/Qwen3-14B,127,true,false,true,true,0.8,true,,true,0.0,qwen3_14b_parser_v3,5.084,1242,false
true,true,1.0,true,true,familiarity,baseline,true,familiarity_high,true,low,0.8,64,1,direct_support,high,true,low,low,1,1,false,true,v0-family-009,true,1039,c9358ddd001c7f33915c0a09,hf/Qwen/Qwen3-14B,127,true,false,true,true,0.8,true,,true,0.0,qwen3_14b_parser_v3,6.085,1166,false
true,true,1.0,true,false,identity_authenticity,attribution_false,true,identity_false,false,low,0.8,64,1,direct_support,low,false,low,low,1,1,false,false,v0-family-009,true,1039,f246a9404e631ac0098e13f9,hf/Qwen/Qwen3-14B,118,true,false,true,true,0.8,true,,true,0.0,qwen3_14b_parser_v3,3.052,1157,false
true,true,1.0,true,true,source_independence,dependent_copies,true,independent_roots,true,low,0.8,64,1,direct_support,low,true,low,low,4,4,false,true,v0-family-009,true,1540,99249b3a6110f29d7b0d1068,hf/Qwen/Qwen3-14B,118,true,false,true,true,0.8,true,,true,0.0,qwen3_14b_parser_v3,4.062,1658,false
true,true,1.0,true,true,popularity,baseline,true,popularity_high,true,low,0.8,64,1,direct_support,low,true,high,low,1,1,false,true,v0-family-009,true,1039,66609dcfdbcbcf1533cafc6a,hf/Qwen/Qwen3-14B,127,true,false,true,true,0.8,true,,true,0.0,qwen3_14b_parser_v3,4.063,1166,false
true,true,1.0,true,true,document_position,baseline,true,position_late,true,low,0.8,64,3,direct_support,low,true,low,low,1,1,false,true,v0-family-009,true,1040,ba6608b9113d16bee71971c1,hf/Qwen/Qwen3-14B,127,true,false,true,true,0.8,true,,true,0.0,qwen3_14b_parser_v3,4.062,1167,false
true,true,1.0,true,true,precision_detail,baseline,true,precision_high,true,low,0.8,64,1,direct_support,low,true,low,high,1,1,false,true,v0-family-009,true,1062,b3eb01ec42f37e364c6df6ec,hf/Qwen/Qwen3-14B,127,true,false,true,true,0.8,true,,true,0.0,qwen3_14b_parser_v3,6.084,1189,false
true,true,1.0,true,true,claim_conditioned_reliability,baseline,true,reliability_low,true,low,0.2,64,1,direct_support,low,true,low,low,1,1,false,true,v0-family-009,true,1039,e2a9713939a22cc9e3580ebc,hf/Qwen/Qwen3-14B,127,true,false,true,true,0.2,true,,true,0.0,qwen3_14b_parser_v3,6.082,1166,false
true,true,1.0,true,true,user_endorsement,baseline,true,user_endorsed,true,low,0.8,64,1,direct_support,low,true,low,low,1,1,true,true,v0-family-009,true,1039,a96eaa781ca3a381159abb97,hf/Qwen/Qwen3-14B,130,true,false,true,true,0.8,true,,true,0.0,qwen3_14b_parser_v3,4.063,1169,false
true,true,0.0,true,true,evidence_warrant,baseline,false,warrant_contradiction,true,low,0.8,64,1,contradiction,low,true,low,low,1,1,false,true,v0-family-009,true,1039,dd8f17ee4e8a7bfbe2cc6e1f,hf/Qwen/Qwen3-14B,127,true,false,false,true,0.8,true,,true,0.0,qwen3_14b_parser_v3,5.069,1166,false
true,true,0.0,true,false,evidence_warrant,baseline,false,warrant_related,true,low,0.8,64,1,related_only,low,true,low,low,1,1,false,false,v0-family-009,true,1037,7ad4805246fb0f0fc4c3424c,hf/Qwen/Qwen3-14B,106,true,false,false,true,0.8,true,,true,0.0,qwen3_14b_parser_v3,3.052,1143,false
true,true,1.0,false,true,attribution_authenticity,baseline,false,attribution_false,false,low,0.8,64,1,direct_support,low,true,low,low,1,1,false,true,v0-family-010,false,1039,eaa2d3b7e66dececf8c9400a,hf/Qwen/Qwen3-14B,118,true,false,true,true,0.8,true,,true,0.0,qwen3_14b_parser_v3,3.051,1157,false
true,true,1.0,false,true,authority_style,baseline,false,authority_high,true,high,0.8,64,1,direct_support,low,true,low,low,1,1,false,true,v0-family-010,false,1045,6b742a7cfe60e28098be1140,hf/Qwen/Qwen3-14B,127,true,false,true,true,0.8,true,,true,0.0,qwen3_14b_parser_v3,4.063,1172,false
true,true,1.0,false,true,,,false,baseline,true,low,0.8,64,1,direct_support,low,true,low,low,1,1,false,true,v0-family-010,false,1039,35b75431ea2922772ddabf01,hf/Qwen/Qwen3-14B,127,true,false,true,true,0.8,true,,true,0.0,qwen3_14b_parser_v3,6.085,1166,false
true,true,1.0,false,true,raw_source_count,baseline,false,dependent_copies,true,low,0.8,64,1,direct_support,low,true,low,low,4,1,false,true,v0-family-010,false,1540,421e20b6ccbbca15c47a775d,hf/Qwen/Qwen3-14B,128,true,false,true,true,0.8,true,,true,0.0,qwen3_14b_parser_v3,4.064,1668,false
true,true,1.0,false,true,document_length,baseline,false,document_long,true,low,0.8,128,1,direct_support,low,true,low,low,1,1,false,true,v0-family-010,false,1115,1f2d20650f6c62e75aa5224d,hf/Qwen/Qwen3-14B,127,true,false,true,true,0.8,true,,true,0.0,qwen3_14b_parser_v3,6.084,1242,false
true,true,1.0,false,true,familiarity,baseline,false,familiarity_high,true,low,0.8,64,1,direct_support,high,true,low,low,1,1,false,true,v0-family-010,false,1039,d59c19a7bccd409a973f0cf0,hf/Qwen/Qwen3-14B,127,true,false,true,true,0.8,true,,true,0.0,qwen3_14b_parser_v3,6.085,1166,false
true,true,1.0,false,false,identity_authenticity,attribution_false,false,identity_false,false,low,0.8,64,1,direct_support,low,false,low,low,1,1,false,false,v0-family-010,false,1039,b279c361a7f0f1012327b0a7,hf/Qwen/Qwen3-14B,118,true,false,true,true,0.8,true,,true,0.0,qwen3_14b_parser_v3,4.063,1157,false
true,true,1.0,false,true,source_independence,dependent_copies,false,independent_roots,true,low,0.8,64,1,direct_support,low,true,low,low,4,4,false,true,v0-family-010,false,1540,9f49a34cc78b00db2455974a,hf/Qwen/Qwen3-14B,118,true,false,true,true,0.8,true,,true,0.0,qwen3_14b_parser_v3,3.052,1658,false
true,true,1.0,false,true,popularity,baseline,false,popularity_high,true,low,0.8,64,1,direct_support,low,true,high,low,1,1,false,true,v0-family-010,false,1039,37c4a6921cba35170d1c45f8,hf/Qwen/Qwen3-14B,127,true,false,true,true,0.8,true,,true,0.0,qwen3_14b_parser_v3,6.085,1166,false
true,true,1.0,false,true,document_position,baseline,false,position_late,true,low,0.8,64,3,direct_support,low,true,low,low,1,1,false,true,v0-family-010,false,1040,c6581d0563ddc2ca8fb49aba,hf/Qwen/Qwen3-14B,127,true,false,true,true,0.8,true,,true,0.0,qwen3_14b_parser_v3,4.062,1167,false
true,true,1.0,false,true,precision_detail,baseline,false,precision_high,true,low,0.8,64,1,direct_support,low,true,low,high,1,1,false,true,v0-family-010,false,1065,969145360f4344efe212435d,hf/Qwen/Qwen3-14B,106,true,false,true,true,0.8,true,,true,0.0,qwen3_14b_parser_v3,3.053,1171,false
true,true,1.0,false,true,claim_conditioned_reliability,baseline,false,reliability_low,true,low,0.2,64,1,direct_support,low,true,low,low,1,1,false,true,v0-family-010,false,1039,f100d2728c2bf7dc923084db,hf/Qwen/Qwen3-14B,127,true,false,true,true,0.2,true,,true,0.0,qwen3_14b_parser_v3,5.073,1166,false
true,true,1.0,false,true,user_endorsement,baseline,false,user_endorsed,true,low,0.8,64,1,direct_support,low,true,low,low,1,1,true,true,v0-family-010,false,1039,7d4f825843dc5836c9f8e497,hf/Qwen/Qwen3-14B,130,true,false,true,true,0.8,true,,true,0.0,qwen3_14b_parser_v3,4.063,1169,false
true,true,0.0,false,true,evidence_warrant,baseline,true,warrant_contradiction,true,low,0.8,64,1,contradiction,low,true,low,low,1,1,false,true,v0-family-010,false,1039,63812eb7a5fb31a3f10b30c7,hf/Qwen/Qwen3-14B,127,true,false,false,true,0.8,true,,true,0.0,qwen3_14b_parser_v3,6.083,1166,false
true,true,0.0,false,false,evidence_warrant,baseline,true,warrant_related,true,low,0.8,64,1,related_only,low,true,low,low,1,1,false,false,v0-family-010,false,1037,98c6d2d5bdd08d00c2df229d,hf/Qwen/Qwen3-14B,106,true,false,false,true,0.8,true,,true,0.0,qwen3_14b_parser_v3,5.073,1143,false
false,true,1.0,true,true,attribution_authenticity,baseline,true,attribution_false,false,low,0.8,64,1,direct_support,low,true,low,low,1,1,false,true,v0-family-011,false,1036,fc212f7065a8644d33a1fca5,hf/Qwen/Qwen3-14B,118,true,false,false,true,0.8,true,,true,0.0,qwen3_14b_parser_v3,3.052,1154,false
false,true,1.0,true,true,authority_style,baseline,true,authority_high,true,high,0.8,64,1,direct_support,low,true,low,low,1,1,false,true,v0-family-011,false,1040,d9a517554ef400d21209cb56,hf/Qwen/Qwen3-14B,127,true,false,false,true,0.8,true,,true,0.0,qwen3_14b_parser_v3,6.085,1167,false
false,true,1.0,true,true,,,true,baseline,true,low,0.8,64,1,direct_support,low,true,low,low,1,1,false,true,v0-family-011,false,1036,1608466822e1bf863d1f5569,hf/Qwen/Qwen3-14B,127,true,false,false,true,0.8,true,,true,0.0,qwen3_14b_parser_v3,6.085,1163,false
false,true,1.0,true,true,raw_source_count,baseline,true,dependent_copies,true,low,0.8,64,1,direct_support,low,true,low,low,4,1,false,true,v0-family-011,false,1534,5d3ddb7914121e6b44056dcc,hf/Qwen/Qwen3-14B,128,true,false,false,true,0.8,true,,true,0.0,qwen3_14b_parser_v3,4.063,1662,false
false,true,1.0,true,true,document_length,baseline,true,document_long,true,low,0.8,128,1,direct_support,low,true,low,low,1,1,false,true,v0-family-011,false,1112,5523e2a39c0fac5205a0ea62,hf/Qwen/Qwen3-14B,127,true,false,false,true,0.8,true,,true,0.0,qwen3_14b_parser_v3,4.063,1239,false
false,true,1.0,true,true,familiarity,baseline,true,familiarity_high,true,low,0.8,64,1,direct_support,high,true,low,low,1,1,false,true,v0-family-011,false,1036,90b9c1b114e47385292d75a4,hf/Qwen/Qwen3-14B,127,true,false,false,true,0.8,true,,true,0.0,qwen3_14b_parser_v3,4.06,1163,false
false,true,1.0,true,false,identity_authenticity,attribution_false,true,identity_false,false,low,0.8,64,1,direct_support,low,false,low,low,1,1,false,false,v0-family-011,false,1036,fe908fcf1a554927316375c5,hf/Qwen/Qwen3-14B,118,true,false,false,true,0.8,true,,true,0.0,qwen3_14b_parser_v3,5.073,1154,false
false,true,1.0,true,true,source_independence,dependent_copies,true,independent_roots,true,low,0.8,64,1,direct_support,low,true,low,low,4,4,false,true,v0-family-011,false,1534,a19a722da7bb9f5b2c841bcd,hf/Qwen/Qwen3-14B,128,true,false,false,true,0.8,true,,true,0.0,qwen3_14b_parser_v3,4.065,1662,false
false,true,1.0,true,true,popularity,baseline,true,popularity_high,true,low,0.8,64,1,direct_support,low,true,high,low,1,1,false,true,v0-family-011,false,1036,be75781a13a4dcd54ddaf966,hf/Qwen/Qwen3-14B,127,true,false,false,true,0.8,true,,true,0.0,qwen3_14b_parser_v3,6.086,1163,false
false,true,1.0,true,true,document_position,baseline,true,position_late,true,low,0.8,64,3,direct_support,low,true,low,low,1,1,false,true,v0-family-011,false,1037,85a402cd21bed742b1a608e8,hf/Qwen/Qwen3-14B,127,true,false,false,true,0.8,true,,true,0.0,qwen3_14b_parser_v3,6.085,1164,false
false,true,1.0,true,true,precision_detail,baseline,true,precision_high,true,low,0.8,64,1,direct_support,low,true,low,high,1,1,false,true,v0-family-011,false,1057,dfa27f9a9a658b913de56fdd,hf/Qwen/Qwen3-14B,127,true,false,false,true,0.8,true,,true,0.0,qwen3_14b_parser_v3,4.063,1184,false
false,true,1.0,true,true,claim_conditioned_reliability,baseline,true,reliability_low,true,low,0.2,64,1,direct_support,low,true,low,low,1,1,false,true,v0-family-011,false,1036,2c0e6f3c6c4f0ae27757c5c6,hf/Qwen/Qwen3-14B,127,true,false,false,true,0.2,true,,true,0.0,qwen3_14b_parser_v3,4.063,1163,false
false,true,1.0,true,true,user_endorsement,baseline,true,user_endorsed,true,low,0.8,64,1,direct_support,low,true,low,low,1,1,true,true,v0-family-011,false,1036,59eb4610e7fff9371c5e9c25,hf/Qwen/Qwen3-14B,127,true,false,false,true,0.8,true,,true,0.0,qwen3_14b_parser_v3,6.085,1163,false
false,true,1.0,true,true,evidence_warrant,baseline,true,warrant_contradiction,true,low,0.8,64,1,contradiction,low,true,low,low,1,1,false,true,v0-family-011,false,1036,4be2cb63d91095f4682ba0bd,hf/Qwen/Qwen3-14B,127,true,false,false,true,0.8,true,,true,0.0,qwen3_14b_parser_v3,5.074,1163,false
false,true,1.0,true,true,evidence_warrant,baseline,true,warrant_related,true,low,0.8,64,1,related_only,low,true,low,low,1,1,false,true,v0-family-011,false,1034,5d4780355a71b25a7eff927c,hf/Qwen/Qwen3-14B,106,true,false,false,true,0.8,true,,true,0.0,qwen3_14b_parser_v3,5.072,1140,false
false,true,1.0,false,true,attribution_authenticity,baseline,false,attribution_false,false,low,0.8,64,1,direct_support,low,true,low,low,1,1,false,true,v0-family-012,true,1036,df95232ac0a74127cd5ad368,hf/Qwen/Qwen3-14B,118,true,false,false,true,0.8,true,,true,0.0,qwen3_14b_parser_v3,5.075,1154,false
false,true,1.0,false,true,authority_style,baseline,false,authority_high,true,high,0.8,64,1,direct_support,low,true,low,low,1,1,false,true,v0-family-012,true,1040,400ab9a6a0107002ffd1d07b,hf/Qwen/Qwen3-14B,127,true,false,false,true,0.8,true,,true,0.0,qwen3_14b_parser_v3,4.062,1167,false
false,true,1.0,false,true,,,false,baseline,true,low,0.8,64,1,direct_support,low,true,low,low,1,1,false,true,v0-family-012,true,1036,76d6e02b5fb2bd60151f40b3,hf/Qwen/Qwen3-14B,127,true,false,false,true,0.8,true,,true,0.0,qwen3_14b_parser_v3,4.062,1163,false
false,true,1.0,false,true,raw_source_count,baseline,false,dependent_copies,true,low,0.8,64,1,direct_support,low,true,low,low,4,1,false,true,v0-family-012,true,1534,d2d5300a51927ec3fa1b9c83,hf/Qwen/Qwen3-14B,128,true,false,false,true,0.8,true,,true,0.0,qwen3_14b_parser_v3,6.086,1662,false
false,true,1.0,false,true,document_length,baseline,false,document_long,true,low,0.8,128,1,direct_support,low,true,low,low,1,1,false,true,v0-family-012,true,1112,1247da53c12a9b1fbf64393f,hf/Qwen/Qwen3-14B,127,true,false,false,true,0.8,true,,true,0.0,qwen3_14b_parser_v3,6.086,1239,false
false,true,1.0,false,true,familiarity,baseline,false,familiarity_high,true,low,0.8,64,1,direct_support,high,true,low,low,1,1,false,true,v0-family-012,true,1036,f871c05b9a27fffa5e23a24f,hf/Qwen/Qwen3-14B,127,true,false,false,true,0.8,true,,true,0.0,qwen3_14b_parser_v3,6.085,1163,false
false,true,1.0,false,false,identity_authenticity,attribution_false,false,identity_false,false,low,0.8,64,1,direct_support,low,false,low,low,1,1,false,false,v0-family-012,true,1036,2a96050de90bcc690151a82c,hf/Qwen/Qwen3-14B,118,true,false,false,true,0.8,true,,true,0.0,qwen3_14b_parser_v3,3.051,1154,false
false,true,1.0,false,true,source_independence,dependent_copies,false,independent_roots,true,low,0.8,64,1,direct_support,low,true,low,low,4,4,false,true,v0-family-012,true,1534,f3c49663e8d9c328d3070545,hf/Qwen/Qwen3-14B,128,true,false,false,true,0.8,true,,true,0.0,qwen3_14b_parser_v3,6.082,1662,false
false,true,1.0,false,true,popularity,baseline,false,popularity_high,true,low,0.8,64,1,direct_support,low,true,high,low,1,1,false,true,v0-family-012,true,1036,4a0290deab96aa561d3093eb,hf/Qwen/Qwen3-14B,127,true,false,false,true,0.8,true,,true,0.0,qwen3_14b_parser_v3,4.061,1163,false
false,true,1.0,false,true,document_position,baseline,false,position_late,true,low,0.8,64,3,direct_support,low,true,low,low,1,1,false,true,v0-family-012,true,1037,2760ab2fbad754ad731743b6,hf/Qwen/Qwen3-14B,127,true,false,false,true,0.8,true,,true,0.0,qwen3_14b_parser_v3,4.062,1164,false
false,true,1.0,false,true,precision_detail,baseline,false,precision_high,true,low,0.8,64,1,direct_support,low,true,low,high,1,1,false,true,v0-family-012,true,1057,b2abaf3f162f90fd53d9e7c4,hf/Qwen/Qwen3-14B,127,true,false,false,true,0.8,true,,true,0.0,qwen3_14b_parser_v3,6.084,1184,false
false,true,1.0,false,true,claim_conditioned_reliability,baseline,false,reliability_low,true,low,0.2,64,1,direct_support,low,true,low,low,1,1,false,true,v0-family-012,true,1036,7ece714ffd287df1b7a7e401,hf/Qwen/Qwen3-14B,127,true,false,false,true,0.2,true,,true,0.0,qwen3_14b_parser_v3,6.084,1163,false
false,true,1.0,false,true,user_endorsement,baseline,false,user_endorsed,true,low,0.8,64,1,direct_support,low,true,low,low,1,1,true,true,v0-family-012,true,1036,d78050cef43f5a802f758545,hf/Qwen/Qwen3-14B,127,true,false,false,true,0.8,true,,true,0.0,qwen3_14b_parser_v3,4.062,1163,false
false,true,1.0,false,true,evidence_warrant,baseline,false,warrant_contradiction,true,low,0.8,64,1,contradiction,low,true,low,low,1,1,false,true,v0-family-012,true,1036,3fff7528a4cb87604ab66e43,hf/Qwen/Qwen3-14B,127,true,false,false,true,0.8,true,,true,0.0,qwen3_14b_parser_v3,4.058,1163,false
false,true,1.0,false,true,evidence_warrant,baseline,false,warrant_related,true,low,0.8,64,1,related_only,low,true,low,low,1,1,false,true,v0-family-012,true,1034,13eb26f0029d1514d2aa3f02,hf/Qwen/Qwen3-14B,106,true,false,false,true,0.8,true,,true,0.0,qwen3_14b_parser_v3,3.051,1140,false
true,true,1.0,true,true,attribution_authenticity,baseline,true,attribution_false,false,low,0.8,64,1,direct_support,low,true,low,low,1,1,false,true,v0-family-013,true,1034,bb40bece8f30edad0091f30e,hf/Qwen/Qwen3-14B,118,true,false,true,true,0.8,true,,true,0.0,qwen3_14b_parser_v3,3.05,1152,false
true,true,1.0,true,true,authority_style,baseline,true,authority_high,true,high,0.8,64,1,direct_support,low,true,low,low,1,1,false,true,v0-family-013,true,1040,88aef741330c4306c8d42a4e,hf/Qwen/Qwen3-14B,127,true,false,true,true,0.8,true,,true,0.0,qwen3_14b_parser_v3,4.063,1167,false
true,true,1.0,true,true,,,true,baseline,true,low,0.8,64,1,direct_support,low,true,low,low,1,1,false,true,v0-family-013,true,1034,98992390156b3b7acf0a8253,hf/Qwen/Qwen3-14B,118,true,false,true,true,0.8,true,,true,0.0,qwen3_14b_parser_v3,5.07,1152,false
true,true,1.0,true,true,raw_source_count,baseline,true,dependent_copies,true,low,0.8,64,1,direct_support,low,true,low,low,4,1,false,true,v0-family-013,true,1532,dbf68d6f2b0d259a247df72b,hf/Qwen/Qwen3-14B,128,true,false,true,true,0.8,true,,true,0.0,qwen3_14b_parser_v3,4.062,1660,false
true,true,1.0,true,true,document_length,baseline,true,document_long,true,low,0.8,128,1,direct_support,low,true,low,low,1,1,false,true,v0-family-013,true,1110,b604e037fe1c6fddc8d35ece,hf/Qwen/Qwen3-14B,106,true,false,true,true,0.8,true,,true,0.0,qwen3_14b_parser_v3,5.074,1216,false
true,true,1.0,true,true,familiarity,baseline,true,familiarity_high,true,low,0.8,64,1,direct_support,high,true,low,low,1,1,false,true,v0-family-013,true,1034,aaa9e27266db119f10c29f04,hf/Qwen/Qwen3-14B,127,true,false,true,true,0.8,true,,true,0.0,qwen3_14b_parser_v3,6.081,1161,false
true,true,1.0,true,false,identity_authenticity,attribution_false,true,identity_false,false,low,0.8,64,1,direct_support,low,false,low,low,1,1,false,false,v0-family-013,true,1034,cf3271ee09a27ff1e75eb8d5,hf/Qwen/Qwen3-14B,118,true,false,true,true,0.8,true,,true,0.0,qwen3_14b_parser_v3,4.058,1152,false
true,true,1.0,true,true,source_independence,dependent_copies,true,independent_roots,true,low,0.8,64,1,direct_support,low,true,low,low,4,4,false,true,v0-family-013,true,1532,9d9fcff0c146ec84765c73f8,hf/Qwen/Qwen3-14B,118,true,false,true,true,0.8,true,,true,0.0,qwen3_14b_parser_v3,3.05,1650,false
true,true,1.0,true,true,popularity,baseline,true,popularity_high,true,low,0.8,64,1,direct_support,low,true,high,low,1,1,false,true,v0-family-013,true,1034,a1dad6a19d4c5b41d5b31836,hf/Qwen/Qwen3-14B,127,true,false,true,true,0.8,true,,true,0.0,qwen3_14b_parser_v3,6.084,1161,false
true,true,1.0,true,true,document_position,baseline,true,position_late,true,low,0.8,64,3,direct_support,low,true,low,low,1,1,false,true,v0-family-013,true,1035,406eeae78c0cdcf1227051f5,hf/Qwen/Qwen3-14B,127,true,false,true,true,0.8,true,,true,0.0,qwen3_14b_parser_v3,5.072,1162,false
true,true,1.0,true,true,precision_detail,baseline,true,precision_high,true,low,0.8,64,1,direct_support,low,true,low,high,1,1,false,true,v0-family-013,true,1059,5ed8e24b13fb49f4c0241fba,hf/Qwen/Qwen3-14B,127,true,false,true,true,0.8,true,,true,0.0,qwen3_14b_parser_v3,4.063,1186,false
true,true,1.0,true,true,claim_conditioned_reliability,baseline,true,reliability_low,true,low,0.2,64,1,direct_support,low,true,low,low,1,1,false,true,v0-family-013,true,1034,e0039cf654fa694de34d212d,hf/Qwen/Qwen3-14B,118,true,false,true,true,0.2,true,,true,0.0,qwen3_14b_parser_v3,3.051,1152,false
true,true,1.0,true,true,user_endorsement,baseline,true,user_endorsed,true,low,0.8,64,1,direct_support,low,true,low,low,1,1,true,true,v0-family-013,true,1034,c8af822e2d81cac0197ff298,hf/Qwen/Qwen3-14B,127,true,false,true,true,0.8,true,,true,0.0,qwen3_14b_parser_v3,4.062,1161,false
true,true,0.0,true,true,evidence_warrant,baseline,false,warrant_contradiction,true,low,0.8,64,1,contradiction,low,true,low,low,1,1,false,true,v0-family-013,true,1034,0d666ace509c512893d255b3,hf/Qwen/Qwen3-14B,127,true,false,false,true,0.8,true,,true,0.0,qwen3_14b_parser_v3,6.083,1161,false
true,true,0.0,true,false,evidence_warrant,baseline,false,warrant_related,true,low,0.8,64,1,related_only,low,true,low,low,1,1,false,false,v0-family-013,true,1032,c53aadeb90657ea1d72cab6e,hf/Qwen/Qwen3-14B,106,true,false,false,true,0.8,true,,true,0.0,qwen3_14b_parser_v3,5.069,1138,false
true,true,1.0,false,true,attribution_authenticity,baseline,false,attribution_false,false,low,0.8,64,1,direct_support,low,true,low,low,1,1,false,true,v0-family-014,false,1039,a43ca39f116468e183193ed1,hf/Qwen/Qwen3-14B,118,true,false,true,true,0.8,true,,true,0.0,qwen3_14b_parser_v3,4.06,1157,false
true,true,1.0,false,true,authority_style,baseline,false,authority_high,true,high,0.8,64,1,direct_support,low,true,low,low,1,1,false,true,v0-family-014,false,1045,688bb868f9078c5991adf9f6,hf/Qwen/Qwen3-14B,127,true,false,true,true,0.8,true,,true,0.0,qwen3_14b_parser_v3,6.082,1172,false
true,true,1.0,false,true,,,false,baseline,true,low,0.8,64,1,direct_support,low,true,low,low,1,1,false,true,v0-family-014,false,1039,5333926f420d90841d03fc77,hf/Qwen/Qwen3-14B,127,true,false,true,true,0.8,true,,true,0.0,qwen3_14b_parser_v3,5.075,1166,false
true,true,1.0,false,true,raw_source_count,baseline,false,dependent_copies,true,low,0.8,64,1,direct_support,low,true,low,low,4,1,false,true,v0-family-014,false,1540,ff3f656ed5af56a62f112209,hf/Qwen/Qwen3-14B,128,true,false,true,true,0.8,true,,true,0.0,qwen3_14b_parser_v3,4.062,1668,false
true,true,1.0,false,true,document_length,baseline,false,document_long,true,low,0.8,128,1,direct_support,low,true,low,low,1,1,false,true,v0-family-014,false,1115,68fa6b9b09f6366c3ae2d526,hf/Qwen/Qwen3-14B,118,true,false,true,true,0.8,true,,true,0.0,qwen3_14b_parser_v3,3.051,1233,false
true,true,1.0,false,true,familiarity,baseline,false,familiarity_high,true,low,0.8,64,1,direct_support,high,true,low,low,1,1,false,true,v0-family-014,false,1039,7b8b6b5c6366f24e6cc14c99,hf/Qwen/Qwen3-14B,127,true,false,true,true,0.8,true,,true,0.0,qwen3_14b_parser_v3,4.063,1166,false
true,true,1.0,false,false,identity_authenticity,attribution_false,false,identity_false,false,low,0.8,64,1,direct_support,low,false,low,low,1,1,false,false,v0-family-014,false,1039,3d22feaa4df4fc6d32539428,hf/Qwen/Qwen3-14B,118,true,false,true,true,0.8,true,,true,0.0,qwen3_14b_parser_v3,5.068,1157,false
true,true,1.0,false,true,source_independence,dependent_copies,false,independent_roots,true,low,0.8,64,1,direct_support,low,true,low,low,4,4,false,true,v0-family-014,false,1540,d75d67976c34d5f9718bdcb6,hf/Qwen/Qwen3-14B,118,true,false,true,true,0.8,true,,true,0.0,qwen3_14b_parser_v3,5.074,1658,false
true,true,1.0,false,true,popularity,baseline,false,popularity_high,true,low,0.8,64,1,direct_support,low,true,high,low,1,1,false,true,v0-family-014,false,1039,b79cf63a8aa86f07c74b1037,hf/Qwen/Qwen3-14B,127,true,false,true,true,0.8,true,,true,0.0,qwen3_14b_parser_v3,5.074,1166,false
true,true,1.0,false,true,document_position,baseline,false,position_late,true,low,0.8,64,3,direct_support,low,true,low,low,1,1,false,true,v0-family-014,false,1040,174ba96591e5f6e0dfea3d7c,hf/Qwen/Qwen3-14B,127,true,false,true,true,0.8,true,,true,0.0,qwen3_14b_parser_v3,6.086,1167,false
true,true,1.0,false,true,precision_detail,baseline,false,precision_high,true,low,0.8,64,1,direct_support,low,true,low,high,1,1,false,true,v0-family-014,false,1062,de1e89bb36935ab7fbb32830,hf/Qwen/Qwen3-14B,127,true,false,true,true,0.8,true,,true,0.0,qwen3_14b_parser_v3,4.062,1189,false
true,true,1.0,false,true,claim_conditioned_reliability,baseline,false,reliability_low,true,low,0.2,64,1,direct_support,low,true,low,low,1,1,false,true,v0-family-014,false,1039,c9c693d5f004f08e3a7d4ffb,hf/Qwen/Qwen3-14B,127,true,false,true,true,0.2,true,,true,0.0,qwen3_14b_parser_v3,4.063,1166,false
true,true,1.0,false,true,user_endorsement,baseline,false,user_endorsed,true,low,0.8,64,1,direct_support,low,true,low,low,1,1,true,true,v0-family-014,false,1039,288e654f54557239fc7d3938,hf/Qwen/Qwen3-14B,127,true,false,true,true,0.8,true,,true,0.0,qwen3_14b_parser_v3,6.087,1166,false
true,true,0.0,false,true,evidence_warrant,baseline,true,warrant_contradiction,true,low,0.8,64,1,contradiction,low,true,low,low,1,1,false,true,v0-family-014,false,1039,33b3e18844eae9c5095b53f4,hf/Qwen/Qwen3-14B,127,true,false,false,true,0.8,true,,true,0.0,qwen3_14b_parser_v3,5.071,1166,false
true,true,0.0,false,false,evidence_warrant,baseline,true,warrant_related,true,low,0.8,64,1,related_only,low,true,low,low,1,1,false,false,v0-family-014,false,1037,588fe00317941c56680e811a,hf/Qwen/Qwen3-14B,106,true,false,false,true,0.8,true,,true,0.0,qwen3_14b_parser_v3,5.069,1143,false
false,true,1.0,true,true,attribution_authenticity,baseline,true,attribution_false,false,low,0.8,64,1,direct_support,low,true,low,low,1,1,false,true,v0-family-015,false,1036,72070484550a3a17aa630594,hf/Qwen/Qwen3-14B,118,true,false,false,true,0.8,true,,true,0.0,qwen3_14b_parser_v3,5.073,1154,false
false,true,1.0,true,true,authority_style,baseline,true,authority_high,true,high,0.8,64,1,direct_support,low,true,low,low,1,1,false,true,v0-family-015,false,1040,ca46720dcc94b7f409a10ea1,hf/Qwen/Qwen3-14B,127,true,false,false,true,0.8,true,,true,0.0,qwen3_14b_parser_v3,5.074,1167,false
false,true,1.0,true,true,,,true,baseline,true,low,0.8,64,1,direct_support,low,true,low,low,1,1,false,true,v0-family-015,false,1036,4afe5e13decb46c9b9830333,hf/Qwen/Qwen3-14B,127,true,false,false,true,0.8,true,,true,0.0,qwen3_14b_parser_v3,4.061,1163,false
false,true,1.0,true,true,raw_source_count,baseline,true,dependent_copies,true,low,0.8,64,1,direct_support,low,true,low,low,4,1,false,true,v0-family-015,false,1534,da464b89cd90764f339b87b2,hf/Qwen/Qwen3-14B,128,true,false,false,true,0.8,true,,true,0.0,qwen3_14b_parser_v3,5.073,1662,false
false,true,1.0,true,true,document_length,baseline,true,document_long,true,low,0.8,128,1,direct_support,low,true,low,low,1,1,false,true,v0-family-015,false,1112,930e90c2cd0e5b6f60939abf,hf/Qwen/Qwen3-14B,127,true,false,false,true,0.8,true,,true,0.0,qwen3_14b_parser_v3,4.058,1239,false
false,true,1.0,true,true,familiarity,baseline,true,familiarity_high,true,low,0.8,64,1,direct_support,high,true,low,low,1,1,false,true,v0-family-015,false,1036,f72aaf0ec286a8939e79e84e,hf/Qwen/Qwen3-14B,127,true,false,false,true,0.8,true,,true,0.0,qwen3_14b_parser_v3,4.061,1163,false
false,true,1.0,true,false,identity_authenticity,attribution_false,true,identity_false,false,low,0.8,64,1,direct_support,low,false,low,low,1,1,false,false,v0-family-015,false,1036,23e8a1bb8814929c145b14a1,hf/Qwen/Qwen3-14B,118,true,false,false,true,0.8,true,,true,0.0,qwen3_14b_parser_v3,5.073,1154,false
false,true,1.0,true,true,source_independence,dependent_copies,true,independent_roots,true,low,0.8,64,1,direct_support,low,true,low,low,4,4,false,true,v0-family-015,false,1534,10a064a30a4e1ad71bfa12d6,hf/Qwen/Qwen3-14B,128,true,false,false,true,0.8,true,,true,0.0,qwen3_14b_parser_v3,6.085,1662,false
false,true,1.0,true,true,popularity,baseline,true,popularity_high,true,low,0.8,64,1,direct_support,low,true,high,low,1,1,false,true,v0-family-015,false,1036,ecd7973d51487248f31737e5,hf/Qwen/Qwen3-14B,127,true,false,false,true,0.8,true,,true,0.0,qwen3_14b_parser_v3,4.062,1163,false
false,true,1.0,true,true,document_position,baseline,true,position_late,true,low,0.8,64,3,direct_support,low,true,low,low,1,1,false,true,v0-family-015,false,1037,08ca7e02608490e84825fd94,hf/Qwen/Qwen3-14B,127,true,false,false,true,0.8,true,,true,0.0,qwen3_14b_parser_v3,4.062,1164,false
false,true,1.0,true,true,precision_detail,baseline,true,precision_high,true,low,0.8,64,1,direct_support,low,true,low,high,1,1,false,true,v0-family-015,false,1059,18bbd4f414d5e47de987afdf,hf/Qwen/Qwen3-14B,127,true,false,false,true,0.8,true,,true,0.0,qwen3_14b_parser_v3,6.083,1186,false
false,true,1.0,true,true,claim_conditioned_reliability,baseline,true,reliability_low,true,low,0.2,64,1,direct_support,low,true,low,low,1,1,false,true,v0-family-015,false,1036,240dcce2ee6f4952dfa7cc49,hf/Qwen/Qwen3-14B,127,true,false,false,true,0.2,true,,true,0.0,qwen3_14b_parser_v3,5.074,1163,false
false,true,1.0,true,true,user_endorsement,baseline,true,user_endorsed,true,low,0.8,64,1,direct_support,low,true,low,low,1,1,true,true,v0-family-015,false,1036,09476db5ca4e079a492af2a8,hf/Qwen/Qwen3-14B,127,true,false,false,true,0.8,true,,true,0.0,qwen3_14b_parser_v3,6.084,1163,false
false,true,1.0,true,true,evidence_warrant,baseline,true,warrant_contradiction,true,low,0.8,64,1,contradiction,low,true,low,low,1,1,false,true,v0-family-015,false,1036,444c2e36b6af5516dee05708,hf/Qwen/Qwen3-14B,127,true,false,false,true,0.8,true,,true,0.0,qwen3_14b_parser_v3,4.058,1163,false
false,true,1.0,true,true,evidence_warrant,baseline,true,warrant_related,true,low,0.8,64,1,related_only,low,true,low,low,1,1,false,true,v0-family-015,false,1034,219da83b4e9846315e26fe53,hf/Qwen/Qwen3-14B,106,true,false,false,true,0.8,true,,true,0.0,qwen3_14b_parser_v3,3.05,1140,false
false,true,1.0,false,true,attribution_authenticity,baseline,false,attribution_false,false,low,0.8,64,1,direct_support,low,true,low,low,1,1,false,true,v0-family-016,true,1036,5b96ca2c93cad997e16287c0,hf/Qwen/Qwen3-14B,118,true,false,false,true,0.8,true,,true,0.0,qwen3_14b_parser_v3,3.052,1154,false
false,true,1.0,false,true,authority_style,baseline,false,authority_high,true,high,0.8,64,1,direct_support,low,true,low,low,1,1,false,true,v0-family-016,true,1040,426b3fed2767cffa14ed3be9,hf/Qwen/Qwen3-14B,127,true,false,false,true,0.8,true,,true,0.0,qwen3_14b_parser_v3,4.061,1167,false
false,true,1.0,false,true,,,false,baseline,true,low,0.8,64,1,direct_support,low,true,low,low,1,1,false,true,v0-family-016,true,1036,cd0ee67df97eae6c3b9e6a41,hf/Qwen/Qwen3-14B,127,true,false,false,true,0.8,true,,true,0.0,qwen3_14b_parser_v3,6.084,1163,false
false,true,1.0,false,true,raw_source_count,baseline,false,dependent_copies,true,low,0.8,64,1,direct_support,low,true,low,low,4,1,false,true,v0-family-016,true,1534,4d9dc4d5b42bdb6007faf0e9,hf/Qwen/Qwen3-14B,128,true,false,false,true,0.8,true,,true,0.0,qwen3_14b_parser_v3,5.073,1662,false
false,true,1.0,false,true,document_length,baseline,false,document_long,true,low,0.8,128,1,direct_support,low,true,low,low,1,1,false,true,v0-family-016,true,1112,204b75d70188b307a9929a49,hf/Qwen/Qwen3-14B,127,true,false,false,true,0.8,true,,true,0.0,qwen3_14b_parser_v3,6.082,1239,false
false,true,1.0,false,true,familiarity,baseline,false,familiarity_high,true,low,0.8,64,1,direct_support,high,true,low,low,1,1,false,true,v0-family-016,true,1036,915c03d78a585776e4526e31,hf/Qwen/Qwen3-14B,127,true,false,false,true,0.8,true,,true,0.0,qwen3_14b_parser_v3,6.087,1163,false
false,true,1.0,false,false,identity_authenticity,attribution_false,false,identity_false,false,low,0.8,64,1,direct_support,low,false,low,low,1,1,false,false,v0-family-016,true,1036,540b8b33fe4a7fa9b8093ca1,hf/Qwen/Qwen3-14B,118,true,false,false,true,0.8,true,,true,0.0,qwen3_14b_parser_v3,3.05,1154,false
false,true,1.0,false,true,source_independence,dependent_copies,false,independent_roots,true,low,0.8,64,1,direct_support,low,true,low,low,4,4,false,true,v0-family-016,true,1534,dfe57929b86aa3cdfef76a38,hf/Qwen/Qwen3-14B,128,true,false,false,true,0.8,true,,true,0.0,qwen3_14b_parser_v3,4.06,1662,false
false,true,1.0,false,true,popularity,baseline,false,popularity_high,true,low,0.8,64,1,direct_support,low,true,high,low,1,1,false,true,v0-family-016,true,1036,b9a640b6b3bab02d4ca42ee0,hf/Qwen/Qwen3-14B,127,true,false,false,true,0.8,true,,true,0.0,qwen3_14b_parser_v3,6.084,1163,false
false,true,1.0,false,true,document_position,baseline,false,position_late,true,low,0.8,64,3,direct_support,low,true,low,low,1,1,false,true,v0-family-016,true,1037,515c8f81e4fd8a6cc0758835,hf/Qwen/Qwen3-14B,127,true,false,false,true,0.8,true,,true,0.0,qwen3_14b_parser_v3,5.073,1164,false
false,true,1.0,false,true,precision_detail,baseline,false,precision_high,true,low,0.8,64,1,direct_support,low,true,low,high,1,1,false,true,v0-family-016,true,1059,b335f5830eaa9472455c1bd7,hf/Qwen/Qwen3-14B,127,true,false,false,true,0.8,true,,true,0.0,qwen3_14b_parser_v3,4.062,1186,false
false,true,1.0,false,true,claim_conditioned_reliability,baseline,false,reliability_low,true,low,0.2,64,1,direct_support,low,true,low,low,1,1,false,true,v0-family-016,true,1036,5d962c68762ab692fe826c6d,hf/Qwen/Qwen3-14B,127,true,false,false,true,0.2,true,,true,0.0,qwen3_14b_parser_v3,6.085,1163,false
false,true,1.0,false,true,user_endorsement,baseline,false,user_endorsed,true,low,0.8,64,1,direct_support,low,true,low,low,1,1,true,true,v0-family-016,true,1036,9d12a590edccd8a504ddf175,hf/Qwen/Qwen3-14B,127,true,false,false,true,0.8,true,,true,0.0,qwen3_14b_parser_v3,4.062,1163,false
false,true,1.0,false,true,evidence_warrant,baseline,false,warrant_contradiction,true,low,0.8,64,1,contradiction,low,true,low,low,1,1,false,true,v0-family-016,true,1036,45a69f534ddf8368e14e93fc,hf/Qwen/Qwen3-14B,127,true,false,false,true,0.8,true,,true,0.0,qwen3_14b_parser_v3,6.084,1163,false
false,true,1.0,false,true,evidence_warrant,baseline,false,warrant_related,true,low,0.8,64,1,related_only,low,true,low,low,1,1,false,true,v0-family-016,true,1034,18599556ab4fa84b900a18eb,hf/Qwen/Qwen3-14B,106,true,false,false,true,0.8,true,,true,0.0,qwen3_14b_parser_v3,4.062,1140,false
